StartDate,EndDate,Status,IPAddress,Progress,Duration (in seconds),Finished,RecordedDate,ResponseId,RecipientLastName,RecipientFirstName,RecipientEmail,ExternalReference,LocationLatitude,LocationLongitude,DistributionChannel,UserLanguage,Q2#1_1,Q2#1_2,Q2#1_3,Q2#1_4,Q42_First Click,Q42_Last Click,Q42_Page Submit,Q42_Click Count,Q11#1_1,Q11#1_2,Q11#1_3,Q11#1_4,Q12#1_1,Q12#1_2,Q13,Q15,Q16,Q17,Q18,Q43_First Click,Q43_Last Click,Q43_Page Submit,Q43_Click Count,Q22#1_1,Q22#1_2,Q22#1_3,Q22#1_4,Q22#1_5,Q23#1_1,Q23#1_2,Q24,Q26,Q27,Q28,Q29,Q44_First Click,Q44_Last Click,Q44_Page Submit,Q44_Click Count,Q33#1_1,Q33#1_2,Q33#1_3,Q33#1_4,Q33#1_5,Q34#1_1,Q34#1_2,Q35,Q37,Q38,Q39,Q40
Start Date,End Date,Response Type,IP Address,Progress,Duration (in seconds),Finished,Recorded Date,Response ID,Recipient Last Name,Recipient First Name,Recipient Email,External Data Reference,Location Latitude,Location Longitude,Distribution Channel,User Language,"Pre Test Items - For the items below, please rate them according to how strongly you agree (or disagree) with them - 'I support the 2013 Affordable Care Act'","Pre Test Items - For the items below, please rate them according to how strongly you agree (or disagree) with them - 'Our government needs health reform because the underprivileged are not getting their basic needs met'","Pre Test Items - For the items below, please rate them according to how strongly you agree (or disagree) with them - 'Universal health care is just designed to make the hard-working people of America pay for the health care of the lazy people of America'","Pre Test Items - For the items below, please rate them according to how strongly you agree (or disagree) with them - 'Access to medical care and insurance is a basic, inherent right of man'",Timing - First Click,Timing - Last Click,Timing - Page Submit,Timing - Click Count,"Post Test Items - For the items below, please rate them according to how strongly you agree (or disagree) with them - 'I support the 2013 Affordable Care Act'","Post Test Items - For the items below, please rate them according to how strongly you agree (or disagree) with them - 'Our government needs health reform because the underprivileged are not getting their basic needs met'","Post Test Items - For the items below, please rate them according to how strongly you agree (or disagree) with them - 'Universal health care is just designed to make the hard-working people of America pay for the health care of the lazy people of America'","Post Test Items - For the items below, please rate them according to how strongly you agree (or disagree) with them - 'Access to medical care and insurance is a basic, inherent right of man'","Now that you have completed the exercise, we would like to ask you some follow-up questions. Plea... - Please answer yes or no - Do you pay for your own health insurance?","Now that you have completed the exercise, we would like to ask you some follow-up questions. Plea... - Please answer yes or no - Have you ever been uninsured?",What are your thoughts about the exercise you just completed?,What is your age?,To which gender identity do you most identify?,How would you best characterize your race/ethnicity? (check all that apply),What is your year in school?,Timing - First Click,Timing - Last Click,Timing - Page Submit,Timing - Click Count,"Post Test Items - For the items below, please rate them according to how strongly you agree (or disagree) with them - 'I support the 2013 Affordable Care Act'","Post Test Items - For the items below, please rate them according to how strongly you agree (or disagree) with them - 'Our government needs health reform because the underprivileged are not getting their basic needs met'","Post Test Items - For the items below, please rate them according to how strongly you agree (or disagree) with them - 'Universal health care is just designed to make the hard-working people of America pay for the health care of the lazy people of America'","Post Test Items - For the items below, please rate them according to how strongly you agree (or disagree) with them - 'Access to medical care and insurance is a basic, inherent right of man'","Post Test Items - For the items below, please rate them according to how strongly you agree (or disagree) with them - 'I would be willing to accept and use this health benefits plan'","Now that you have completed the exercise, we would like to ask you some follow-up questions. Plea... - Please answer yes or no - Do you pay for your own health insurance?","Now that you have completed the exercise, we would like to ask you some follow-up questions. Plea... - Please answer yes or no - Have you ever been uninsured?",What are your thoughts about the exercise you just completed?,What is your age?,To which gender identity do you most identify?,How would you best characterize your race/ethnicity? (check all that apply),What is your year in school?,Timing - First Click,Timing - Last Click,Timing - Page Submit,Timing - Click Count,"Post Test Items - For the items below, please rate them according to how strongly you agree (or disagree) with them - 'I support the 2013 Affordable Care Act'","Post Test Items - For the items below, please rate them according to how strongly you agree (or disagree) with them - 'Our government needs health reform because the underprivileged are not getting their basic needs met'","Post Test Items - For the items below, please rate them according to how strongly you agree (or disagree) with them - 'Universal health care is just designed to make the hard-working people of America pay for the health care of the lazy people of America'","Post Test Items - For the items below, please rate them according to how strongly you agree (or disagree) with them - 'Access to medical care and insurance is a basic, inherent right of man'","Post Test Items - For the items below, please rate them according to how strongly you agree (or disagree) with them - 'I would be willing to accept and use this health benefits plan'","Now that you have completed the exercise, we would like to ask you some follow-up questions. Plea... - Please answer yes or no - Do you pay for your own health insurance?","Now that you have completed the exercise, we would like to ask you some follow-up questions. Plea... - Please answer yes or no - Have you ever been uninsured?",What are your thoughts about the exercise you just completed?,What is your age?,To which gender identity do you most identify?,How would you best characterize your race/ethnicity? (check all that apply),What is your year in school?
"{""ImportId"":""startDate"",""timeZone"":""America/Denver""}","{""ImportId"":""endDate"",""timeZone"":""America/Denver""}","{""ImportId"":""status""}","{""ImportId"":""ipAddress""}","{""ImportId"":""progress""}","{""ImportId"":""duration""}","{""ImportId"":""finished""}","{""ImportId"":""recordedDate"",""timeZone"":""America/Denver""}","{""ImportId"":""_recordId""}","{""ImportId"":""recipientLastName""}","{""ImportId"":""recipientFirstName""}","{""ImportId"":""recipientEmail""}","{""ImportId"":""externalDataReference""}","{""ImportId"":""locationLatitude""}","{""ImportId"":""locationLongitude""}","{""ImportId"":""distributionChannel""}","{""ImportId"":""userLanguage""}","{""ImportId"":""QID2#1_1""}","{""ImportId"":""QID2#1_2""}","{""ImportId"":""QID2#1_3""}","{""ImportId"":""QID2#1_4""}","{""ImportId"":""QID42_FIRST_CLICK""}","{""ImportId"":""QID42_LAST_CLICK""}","{""ImportId"":""QID42_PAGE_SUBMIT""}","{""ImportId"":""QID42_CLICK_COUNT""}","{""ImportId"":""QID11#1_1""}","{""ImportId"":""QID11#1_2""}","{""ImportId"":""QID11#1_3""}","{""ImportId"":""QID11#1_4""}","{""ImportId"":""QID12#1_1""}","{""ImportId"":""QID12#1_2""}","{""ImportId"":""QID13_TEXT""}","{""ImportId"":""QID15_TEXT""}","{""ImportId"":""QID16""}","{""ImportId"":""QID17""}","{""ImportId"":""QID18""}","{""ImportId"":""QID43_FIRST_CLICK""}","{""ImportId"":""QID43_LAST_CLICK""}","{""ImportId"":""QID43_PAGE_SUBMIT""}","{""ImportId"":""QID43_CLICK_COUNT""}","{""ImportId"":""QID22#1_1""}","{""ImportId"":""QID22#1_2""}","{""ImportId"":""QID22#1_3""}","{""ImportId"":""QID22#1_4""}","{""ImportId"":""QID22#1_5""}","{""ImportId"":""QID23#1_1""}","{""ImportId"":""QID23#1_2""}","{""ImportId"":""QID24_TEXT""}","{""ImportId"":""QID26_TEXT""}","{""ImportId"":""QID27""}","{""ImportId"":""QID28""}","{""ImportId"":""QID29""}","{""ImportId"":""QID44_FIRST_CLICK""}","{""ImportId"":""QID44_LAST_CLICK""}","{""ImportId"":""QID44_PAGE_SUBMIT""}","{""ImportId"":""QID44_CLICK_COUNT""}","{""ImportId"":""QID33#1_1""}","{""ImportId"":""QID33#1_2""}","{""ImportId"":""QID33#1_3""}","{""ImportId"":""QID33#1_4""}","{""ImportId"":""QID33#1_5""}","{""ImportId"":""QID34#1_1""}","{""ImportId"":""QID34#1_2""}","{""ImportId"":""QID35_TEXT""}","{""ImportId"":""QID37_TEXT""}","{""ImportId"":""QID38""}","{""ImportId"":""QID39""}","{""ImportId"":""QID40""}"
2019-09-07 14:24:15,2019-09-07 14:24:27,Survey Preview,,100,11,True,2019-09-07 14:24:27,R_5sEgrv8SKJmM0zD,,,,,37.1446990966796875,-92.911102294921875,preview,EN,,,,,,,,,,,,,,,,,,,,,,,,,,,,,,,,,,,,,,,,,,,,,,,,,,,
2019-09-07 14:24:30,2019-09-07 14:24:39,Survey Preview,,100,9,True,2019-09-07 14:24:40,R_3J2gYgRN4xv6Mdo,,,,,37.1446990966796875,-92.911102294921875,preview,EN,,,,,,,,,,,,,,,,,,,,,,,,,,,,,,,,,,,,,,,,,,,,,,,,,,,
2019-09-10 21:49:05,2019-09-10 21:54:43,Survey Preview,,100,337,True,2019-09-10 21:54:43,R_2e3GaGZ6fh6dcbf,,,,,38.93359375,-92.36299896240234375,preview,EN,Somewhat Agree,Somewhat Agree,Somewhat Agree,Somewhat Agree,,,,,,,,,,,,,,,,,,,,,,,,,,,,,,,,,,,,Somewhat Agree,Somewhat Agree,Somewhat Agree,Somewhat Agree,Somewhat Agree,No,No,na,18,Female,Asian/Pacific Islander,Sophmore
2019-09-10 21:54:50,2019-09-10 21:56:38,Survey Preview,,100,108,True,2019-09-10 21:56:38,R_wSRbM7dW8FuuCRz,,,,,38.93359375,-92.36299896240234375,preview,EN,Neither Agree or Disagree,Neither Agree or Disagree,Neither Agree or Disagree,Neither Agree or Disagree,,,,,Somewhat Agree,Somewhat Agree,Somewhat Agree,Somewhat Agree,No,Yes,na,18,Female,Caucasian/White,Sophmore,,,,,,,,,,,,,,,,,,,,,,,,,,,,,,,,
2019-09-17 15:08:57,2019-09-17 16:02:09,IP Address,128.206.42.214,100,3191,True,2019-09-17 16:02:09,R_1mVJNYg99iEv8h1,,,,,38.9517059326171875,-92.33409881591796875,anonymous,EN,Disagree,Somewhat Agree,Neither Agree or Disagree,Somewhat Agree,,,,,,,,,,,,,,,,0,0,1733.61,0,Neither Agree or Disagree,Somewhat Agree,Somewhat Disagree,Somewhat Agree,Agree,No,No,"The exercise was definitely thought provoking, as many of the lower-tier options hinged on how altruistic the insurance companies would be, and it certainly required quite a bit of thinking through.",20,Male,Caucasian/White,Sophmore,,,,,,,,,,,,,,,,
2019-09-19 10:28:29,2019-09-19 11:14:20,IP Address,128.206.42.214,100,2751,True,2019-09-19 11:14:21,R_3lWBX3WyuZVMcem,,,,,38.9517059326171875,-92.33409881591796875,anonymous,EN,Neither Agree or Disagree,Somewhat Agree,Somewhat Agree,Neither Agree or Disagree,,,,,,,,,,,,,,,,759.873,759.873,761.69,1,Neither Agree or Disagree,Somewhat Agree,Somewhat Agree,Somewhat Agree,Neither Agree or Disagree,Yes,No,It really made me realize the importance of recognizing and the steps it takes for the different types of healthcare.,18,Male,Caucasian/White,Freshman,,,,,,,,,,,,,,,,
2019-09-19 10:28:59,2019-09-19 11:17:07,IP Address,128.206.42.165,100,2887,True,2019-09-19 11:17:07,R_1QfGr9jOcGY5Iqt,,,,,38.9517059326171875,-92.33409881591796875,anonymous,EN,Neither Agree or Disagree,Somewhat Agree,Somewhat Disagree,Agree,468.09,468.09,719.716,1,Somewhat Disagree,Somewhat Agree,Somewhat Disagree,Agree,No,No,"It got me thinking that this is similar to what the government does with the budget each year, some areas have to suffer in funding to provide to other areas ",18,Female,Caucasian/White,Freshman,,,,,,,,,,,,,,,,,,,,,,,,,,,,,,,,
2019-09-19 11:17:40,2019-09-19 11:34:51,IP Address,128.206.42.214,100,1031,True,2019-09-19 11:34:52,R_1QKN4nDmRvaqQV6,,,,,38.9517059326171875,-92.33409881591796875,anonymous,EN,Neither Agree or Disagree,Strongly Agree,Strongly Disagree,Strongly Agree,,,,,,,,,,,,,,,,,,,,,,,,,,,,,,,,0,0,443.744,0,Neither Agree or Disagree,Agree,Strongly Disagree,Strongly Agree,Neither Agree or Disagree,No,Yes,I'm confused but I realize that that the healthcare system is systematically designed to prevent people from receiving care based on need but rather financial status.,18,Female,Other,Freshman
2019-09-19 10:49:59,2019-09-19 12:07:45,IP Address,128.206.42.193,100,4666,True,2019-09-19 12:07:48,R_eXSRDvJuzrNfy7L,,,,,38.9517059326171875,-92.33409881591796875,anonymous,EN,Neither Agree or Disagree,Disagree,Somewhat Agree,Disagree,,,,,,,,,,,,,,,,,,,,,,,,,,,,,,,,282.851,282.851,283.848,1,Disagree,Somewhat Disagree,Agree,Disagree,Neither Agree or Disagree,No,No,"I think they are important questions to ask. This is a big controversial topic in today'w world. ",19,Female,Caucasian/White,Freshman
2019-09-19 11:59:10,2019-09-19 12:08:02,IP Address,128.206.42.214,100,531,True,2019-09-19 12:08:03,R_1LorflwT05ldanw,,,,,38.9517059326171875,-92.33409881591796875,anonymous,EN,Neither Agree or Disagree,Somewhat Agree,Somewhat Agree,Strongly Agree,,,,,,,,,,,,,,,,,,,,,,,,,,,,,,,,0,0,274.475,0,Neither Agree or Disagree,Somewhat Agree,Somewhat Agree,Strongly Agree,Somewhat Agree,No,No,I was shown some charts of levels of different health care fields but it was hard for me to understand fully because my parents pay for my health care.,18,Female,Caucasian/White,Freshman
2019-09-19 11:18:20,2019-09-19 12:14:36,IP Address,128.206.42.165,100,3376,True,2019-09-19 12:14:37,R_1jSOzPBxyLktvxj,,,,,38.9517059326171875,-92.33409881591796875,anonymous,EN,Disagree,Somewhat Agree,Neither Agree or Disagree,Agree,0,0,611.456,0,Strongly Disagree,Agree,Neither Agree or Disagree,Agree,No,No,"You are way oversimplifying a complex system that, yes, needs reform, but does not have such a simple answer as a lot of people would believe.  Also, rather than use pizza as an analogy have people fill out a form that gives them real insurance benefits to decide between.",21,Female,Caucasian/White,Senior,,,,,,,,,,,,,,,,,,,,,,,,,,,,,,,,
2019-09-19 12:24:56,2019-09-19 12:32:32,IP Address,128.206.42.214,100,456,True,2019-09-19 12:32:33,R_1HpDqXO79u9Tt3E,,,,,38.9517059326171875,-92.33409881591796875,anonymous,EN,Somewhat Agree,Agree,Agree,Somewhat Agree,0,0,210.441,0,Somewhat Agree,Agree,Agree,Somewhat Agree,No,No,"I can't figure out the connection with the study, it seems odd to do an exercise about pizza when I am here for Health Care ",19,Female,Caucasian/White,Freshman,,,,,,,,,,,,,,,,,,,,,,,,,,,,,,,,
2019-09-19 14:26:18,2019-09-19 14:36:33,IP Address,128.206.42.214,100,614,True,2019-09-19 14:36:33,R_31WyfqYdvPWvqYX,,,,,38.9517059326171875,-92.33409881591796875,anonymous,EN,Neither Agree or Disagree,Agree,Disagree,Somewhat Agree,,,,,,,,,,,,,,,,,,,,,,,,,,,,,,,,0,0,395.598,0,Somewhat Agree,Agree,Disagree,Somewhat Agree,Agree,No,No,Very informative,18,Female,Caucasian/White,Freshman
2019-09-19 12:42:02,2019-09-24 10:34:56,IP Address,128.206.42.165,100,424373,True,2019-09-24 10:34:58,R_1M6CFbxweIYm4KZ,,,,,38.9517059326171875,-92.33409881591796875,anonymous,EN,Neither Agree or Disagree,Agree,Somewhat Agree,Neither Agree or Disagree,,,,,,,,,,,,,,,,0,0,117.523,0,Somewhat Agree,Somewhat Agree,Somewhat Agree,Somewhat Agree,Agree,No,No,"It was interesting. ",18,Female,Caucasian/White,Freshman,,,,,,,,,,,,,,,,
2019-09-24 10:31:10,2019-09-24 10:48:36,IP Address,128.206.42.169,100,1045,True,2019-09-24 10:48:37,R_1Nh2rm4DFzOi6r0,,,,,38.9517059326171875,-92.33409881591796875,anonymous,EN,Neither Agree or Disagree,Somewhat Agree,Somewhat Disagree,Somewhat Agree,,,,,,,,,,,,,,,,0,0,758.938,0,Somewhat Agree,Somewhat Agree,Somewhat Disagree,Somewhat Agree,Somewhat Agree,No,No,hard to decide how many dots to put for each one because all are very important,18,Female,Caucasian/White,Freshman,,,,,,,,,,,,,,,,
2019-09-24 10:29:47,2019-09-24 10:48:40,IP Address,128.206.42.217,100,1133,True,2019-09-24 10:48:40,R_pGEELZab14ITQhH,,,,,38.9517059326171875,-92.33409881591796875,anonymous,EN,Somewhat Agree,Agree,Somewhat Disagree,Agree,0,0,734.287,0,Somewhat Agree,Agree,Somewhat Disagree,Agree,No,No,"a little bit confusing with the directions ",18,Female,"Caucasian/White,Asian/Pacific Islander",Freshman,,,,,,,,,,,,,,,,,,,,,,,,,,,,,,,,
2019-09-24 10:16:31,2019-09-24 10:49:10,IP Address,128.206.42.214,100,1958,True,2019-09-24 10:49:10,R_3qlLpzZMNlhYZsu,,,,,38.9517059326171875,-92.33409881591796875,anonymous,EN,Somewhat Agree,Agree,Strongly Disagree,Agree,0,0,672.892,0,Somewhat Agree,Agree,Strongly Disagree,Strongly Agree,No,Yes,It was interesting and informative to actually simulate and break down how a health care plan works through the idea of making my own pizza.,18,Female,Asian/Pacific Islander,Freshman,,,,,,,,,,,,,,,,,,,,,,,,,,,,,,,,
2019-09-24 10:30:23,2019-09-24 10:49:54,IP Address,128.206.42.166,100,1170,True,2019-09-24 10:49:54,R_2SfyETXKdPRivRQ,,,,,38.9517059326171875,-92.33409881591796875,anonymous,EN,Neither Agree or Disagree,Agree,Somewhat Disagree,Agree,,,,,,,,,,,,,,,,,,,,,,,,,,,,,,,,0,0,688.387,0,Somewhat Disagree,Somewhat Agree,Disagree,Agree,Disagree,No,Yes,The exercise really makes you think about the basic health care you should be allowed to recieve,18,Female,Caucasian/White,Freshman
2019-09-24 10:27:13,2019-09-24 10:49:58,IP Address,128.206.42.171,100,1365,True,2019-09-24 10:49:59,R_1jljzJvhAKceOh7,,,,,38.9517059326171875,-92.33409881591796875,anonymous,EN,Agree,Somewhat Agree,Strongly Agree,Strongly Agree,,,,,,,,,,,,,,,,0,0,846.011,0,Agree,Agree,Strongly Agree,Agree,Agree,No,No,People are getting basic needs when they should be receiving higher funding for insurance.,18,Female,Caucasian/White,Freshman,,,,,,,,,,,,,,,,
2019-09-24 10:35:22,2019-09-24 10:50:01,IP Address,128.206.42.165,100,878,True,2019-09-24 10:50:03,R_3dZm8OKEgHhs3ex,,,,,38.9517059326171875,-92.33409881591796875,anonymous,EN,Neither Agree or Disagree,Somewhat Disagree,Somewhat Disagree,Somewhat Agree,0,0,648.815,0,Neither Agree or Disagree,Somewhat Disagree,Somewhat Disagree,Strongly Agree,No,No,"I was not really sure what the point was. Maybe it was showing how you cant have everything and if you do, you only have lower quality stuff?",18,Female,Caucasian/White,Freshman,,,,,,,,,,,,,,,,,,,,,,,,,,,,,,,,
2019-09-24 10:27:29,2019-09-24 10:51:47,IP Address,128.206.42.193,100,1457,True,2019-09-24 10:51:47,R_1NmQI0uux7OGw2A,,,,,38.9517059326171875,-92.33409881591796875,anonymous,EN,Agree,Strongly Agree,Strongly Disagree,Strongly Agree,,,,,,,,,,,,,,,,887.866,887.866,891.4,1,Agree,Strongly Agree,Strongly Disagree,Strongly Agree,Strongly Agree,No,No,"I wish i knew more specifics about the ACT for a more informedopinion ",,,,,,,,,,,,,,,,,,,,
2019-09-24 10:52:19,2019-09-24 11:10:14,IP Address,128.206.42.214,100,1075,True,2019-09-24 11:10:15,R_4Yp6Jk985TYNM09,,,,,38.9517059326171875,-92.33409881591796875,anonymous,EN,Agree,Agree,Disagree,Agree,,,,,,,,,,,,,,,,,,,,,,,,,,,,,,,,0,0,364.007,0,Agree,Agree,Disagree,Agree,Agree,No,No,"My parents take care of our health insurance so I have never really thought about it that much. I was surprised about some of the things that are taken care of by insurance, such as long term care. I am glad that there is types of insurance that covers these things.",19,Female,Caucasian/White,Freshman
2019-09-24 10:52:26,2019-09-24 11:22:13,IP Address,128.206.42.165,100,1786,True,2019-09-24 11:22:13,R_Uh9rO3qmIuPZu9P,,,,,38.9517059326171875,-92.33409881591796875,anonymous,EN,Neither Agree or Disagree,Somewhat Agree,Neither Agree or Disagree,Agree,,,,,,,,,,,,,,,,,,,,,,,,,,,,,,,,0,0,276.364,0,Neither Agree or Disagree,Somewhat Agree,Somewhat Disagree,Strongly Agree,Strongly Agree,No,No,Interesting seeing the options for this medical plan and the different amouts they will cover for you depending on how much coverage you have payed for. Even though everyone should be covered in some way.,18,Female,Caucasian/White,Freshman
2019-09-24 10:52:32,2019-09-24 11:24:18,IP Address,128.206.42.169,100,1906,True,2019-09-24 11:24:19,R_2QiDo8UZkY5crUW,,,,,38.9517059326171875,-92.33409881591796875,anonymous,EN,Strongly Agree,Agree,Disagree,Strongly Agree,0,0,529.231,0,Strongly Agree,Agree,Disagree,Strongly Agree,No,No,I feel as if my mindset has not changed on the topic of healthcare.,18,Male,Caucasian/White,Freshman,,,,,,,,,,,,,,,,,,,,,,,,,,,,,,,,
2019-09-24 11:11:26,2019-09-24 11:28:41,IP Address,128.206.42.214,100,1035,True,2019-09-24 11:28:41,R_2TTumCI6z57il7g,,,,,38.9517059326171875,-92.33409881591796875,anonymous,EN,Neither Agree or Disagree,Strongly Agree,Neither Agree or Disagree,Agree,,,,,,,,,,,,,,,,0,0,607.422,0,Neither Agree or Disagree,Strongly Agree,Disagree,Strongly Agree,Agree,No,No,i feel it opened my eyes to how hard it would be to create a healthcare plan that would make everyone happy and not just a specific group of people.,18,Female,Caucasian/White,Freshman,,,,,,,,,,,,,,,,
2019-09-24 11:30:19,2019-09-24 11:50:53,IP Address,128.206.42.214,100,1234,True,2019-09-24 11:50:54,R_D98UsrxmuKnOudz,,,,,38.9517059326171875,-92.33409881591796875,anonymous,EN,Neither Agree or Disagree,Somewhat Agree,Somewhat Agree,Agree,,,,,,,,,,,,,,,,884.792,884.792,890.095,1,Agree,Somewhat Agree,Somewhat Disagree,Somewhat Agree,Somewhat Agree,No,Yes,It gave me a good understanding of the complexity that goes into health care plans and how much is actually covered under one plan.,18,Male,Caucasian/White,Freshman,,,,,,,,,,,,,,,,
2019-09-24 12:02:01,2019-09-24 12:14:35,IP Address,128.206.42.214,100,753,True,2019-09-24 12:14:35,R_1lnJx8Ed6KhNb9K,,,,,38.9517059326171875,-92.33409881591796875,anonymous,EN,Disagree,Disagree,Agree,Neither Agree or Disagree,0,0,611.219,0,Disagree,Disagree,Agree,Neither Agree or Disagree,No,No,"Confusing. Not sure what the pizza toppings had to do with the experiment. ",18,Female,Caucasian/White,Freshman,,,,,,,,,,,,,,,,,,,,,,,,,,,,,,,,
2019-09-24 12:21:11,2019-09-24 12:38:15,IP Address,128.206.42.214,100,1024,True,2019-09-24 12:38:15,R_1q7Dyi6NQcELhIG,,,,,38.9517059326171875,-92.33409881591796875,anonymous,EN,Somewhat Agree,Neither Agree or Disagree,Somewhat Agree,Somewhat Agree,,,,,,,,,,,,,,,,,,,,,,,,,,,,,,,,0,0,378.589,0,Somewhat Agree,Neither Agree or Disagree,Somewhat Agree,Agree,Somewhat Agree,Yes,No,It was nice to have the different levels that you could choose from so that you could select which best fit your needs. This helps ensure that you would not be paying for something you did not want or need.,20,Female,Caucasian/White,Junior
2019-09-24 12:21:43,2019-09-24 12:48:01,IP Address,128.206.42.165,100,1577,True,2019-09-24 12:48:02,R_2pLy5CtKVMyXWBb,,,,,38.9517059326171875,-92.33409881591796875,anonymous,EN,Agree,Agree,Disagree,Strongly Agree,0,0,488.97,0,Agree,Agree,Disagree,Strongly Agree,No,No,It opened up my eyes to the correlation between healthcare and the pizza shop. If something like universal health care was an option things would be limited and not the best quality if the budget wasnt large enough.,18,Female,Caucasian/White,Freshman,,,,,,,,,,,,,,,,,,,,,,,,,,,,,,,,
2019-09-24 11:24:57,2019-09-24 13:12:13,IP Address,128.206.42.169,100,6436,True,2019-09-24 13:12:13,R_2q9iftZ0FqFfBEJ,,,,,38.9517059326171875,-92.33409881591796875,anonymous,EN,Neither Agree or Disagree,Agree,Neither Agree or Disagree,Agree,,,,,,,,,,,,,,,,0,0,583.53,0,Agree,Agree,Somewhat Disagree,Agree,Agree,No,No,Health care and good health care at that should be considered a human right.,18,Female,Caucasian/White,Freshman,,,,,,,,,,,,,,,,
2019-09-24 13:00:03,2019-09-24 13:12:26,IP Address,128.206.42.165,100,742,True,2019-09-24 13:12:26,R_yqMzPwNb0w1910l,,,,,38.9517059326171875,-92.33409881591796875,anonymous,EN,Agree,Strongly Agree,Strongly Disagree,Strongly Agree,,,,,,,,,,,,,,,,,,,,,,,,,,,,,,,,0,0,375.025,0,Agree,Strongly Agree,Strongly Disagree,Strongly Agree,Agree,No,No,"Looking at the basic, medium, and high coverage options it shows how some people that aren't well insured have to settle for inadequate health care coverage.",19,Female,African-American/Black,Freshman
2019-09-24 12:59:40,2019-09-24 13:12:41,IP Address,128.206.42.214,100,780,True,2019-09-24 13:12:41,R_3RlNheFYqezRHKv,,,,,38.9517059326171875,-92.33409881591796875,anonymous,EN,Disagree,Somewhat Disagree,Somewhat Agree,Neither Agree or Disagree,,,,,,,,,,,,,,,,,,,,,,,,,,,,,,,,0,0,400.882,0,Disagree,Somewhat Disagree,Somewhat Agree,Neither Agree or Disagree,Somewhat Agree,No,No,"I think the exercise presents good ideas, but it did nit mention how these ideas would be paid for.",18,Female,Caucasian/White,Freshman
2019-09-24 10:52:42,2019-09-24 13:13:01,IP Address,128.206.42.193,100,8418,True,2019-09-24 13:13:01,R_32Pj8IVvonj8Lg2,,,,,38.9517059326171875,-92.33409881591796875,anonymous,EN,Somewhat Agree,Strongly Agree,Neither Agree or Disagree,Agree,,,,,,,,,,,,,,,,0,0,599.957,0,Neither Agree or Disagree,Agree,Neither Agree or Disagree,Strongly Agree,Somewhat Disagree,No,Yes,It made me thing a lot more about what limitations there are,19,Female,Caucasian/White,Sophmore,,,,,,,,,,,,,,,,
2019-09-24 10:52:55,2019-09-24 13:16:35,IP Address,128.206.42.166,100,8619,True,2019-09-24 13:16:35,R_3EQgWoAM472biKR,,,,,38.9517059326171875,-92.33409881591796875,anonymous,EN,Neither Agree or Disagree,Somewhat Agree,Somewhat Agree,Somewhat Disagree,0,0,677.919,0,Somewhat Agree,Somewhat Agree,Neither Agree or Disagree,Neither Agree or Disagree,No,No,a little bit confusing,18,Female,Caucasian/White,Freshman,,,,,,,,,,,,,,,,,,,,,,,,,,,,,,,,
2019-09-24 13:22:20,2019-09-24 13:34:47,IP Address,128.206.42.214,100,746,True,2019-09-24 13:34:47,R_3a3vb3RyFXiRJGF,,,,,38.9517059326171875,-92.33409881591796875,anonymous,EN,Neither Agree or Disagree,Somewhat Agree,Somewhat Disagree,Agree,,,,,,,,,,,,,,,,0,0,576.014,0,Neither Agree or Disagree,Somewhat Agree,Somewhat Disagree,Agree,Somewhat Agree,No,No,"nothing ",19,Female,Caucasian/White,Freshman,,,,,,,,,,,,,,,,
2019-09-24 14:31:58,2019-09-24 14:41:12,IP Address,128.206.42.214,100,554,True,2019-09-24 14:41:12,R_2SoQP3zV2MLWDwT,,,,,38.9517059326171875,-92.33409881591796875,anonymous,EN,Neither Agree or Disagree,Somewhat Agree,Agree,Agree,0,0,311.758,0,Neither Agree or Disagree,Somewhat Agree,Agree,Somewhat Agree,No,No,It wasn't a difficult task at all.,18,Female,Caucasian/White,Freshman,,,,,,,,,,,,,,,,,,,,,,,,,,,,,,,,
2019-09-24 14:58:41,2019-09-24 15:08:16,IP Address,128.206.42.214,100,575,True,2019-09-24 15:08:17,R_elln0Xv17fbMHh7,,,,,38.9517059326171875,-92.33409881591796875,anonymous,EN,Agree,Somewhat Disagree,Strongly Agree,Somewhat Disagree,,,,,,,,,,,,,,,,,,,,,,,,,,,,,,,,0,0,286.973,0,Agree,Somewhat Disagree,Strongly Agree,Somewhat Disagree,Neither Agree or Disagree,No,No,"I think the experiment was trying see my thoughts on this matter and show me what other people go through and see if it changed my mind. ",18,Female,Caucasian/White,Freshman
2019-09-26 10:56:27,2019-09-26 11:15:32,IP Address,128.206.42.214,100,1144,True,2019-09-26 11:15:32,R_RVon7GVfmWJk4dX,,,,,38.9517059326171875,-92.33409881591796875,anonymous,EN,Neither Agree or Disagree,Strongly Disagree,Strongly Agree,Somewhat Disagree,,,,,,,,,,,,,,,,,,,,,,,,,,,,,,,,0,0,646.377,0,Agree,Disagree,Somewhat Agree,Strongly Agree,Agree,No,No,I think it is a good exercise and really eye opening,18,Female,Caucasian/White,Freshman
2019-09-26 10:59:48,2019-09-26 11:15:53,IP Address,128.206.42.169,100,965,True,2019-09-26 11:15:54,R_Wx0hixAPeU9KccF,,,,,38.9517059326171875,-92.33409881591796875,anonymous,EN,Agree,Strongly Agree,Somewhat Agree,Strongly Agree,,,,,,,,,,,,,,,,0,0,625.65,0,Agree,Strongly Agree,Somewhat Disagree,Strongly Agree,Somewhat Agree,No,No,It gives you perspective on how hard it is to choose what plans cover what. It makes you think twice about criticizing health plans and those who come up with in.,19,Female,Asian/Pacific Islander,Junior,,,,,,,,,,,,,,,,
2019-09-26 11:00:06,2019-09-26 11:16:32,IP Address,128.206.42.171,100,985,True,2019-09-26 11:16:32,R_3hbvJjYlmMqg2Sk,,,,,38.9517059326171875,-92.33409881591796875,anonymous,EN,Somewhat Disagree,Neither Agree or Disagree,Somewhat Agree,Neither Agree or Disagree,0,0,611.201,0,Somewhat Disagree,Neither Agree or Disagree,Somewhat Agree,Neither Agree or Disagree,No,No,It made me think about if I preferred quality or quantity,19,Male,Caucasian/White,Freshman,,,,,,,,,,,,,,,,,,,,,,,,,,,,,,,,
2019-09-26 11:23:02,2019-09-26 11:32:53,IP Address,128.206.42.171,100,591,True,2019-09-26 11:32:53,R_211cTT0ttmWjz1i,,,,,38.9517059326171875,-92.33409881591796875,anonymous,EN,Neither Agree or Disagree,Somewhat Agree,Disagree,Agree,,,,,,,,,,,,,,,,,,,,,,,,,,,,,,,,0,0,109.497,0,Neither Agree or Disagree,Somewhat Agree,Disagree,Agree,Neither Agree or Disagree,No,No,"It is a controversial topic however, I agree that everyone has a right to heath insurance  ",19,Female,Caucasian/White,Sophmore
2019-09-26 11:17:47,2019-09-26 11:36:35,IP Address,128.206.42.169,100,1127,True,2019-09-26 11:36:35,R_2assxpmZ6xSHjMo,,,,,38.9517059326171875,-92.33409881591796875,anonymous,EN,Agree,Agree,Somewhat Disagree,Somewhat Agree,,,,,,,,,,,,,,,,0,0,462.446,0,Agree,Agree,Neither Agree or Disagree,Somewhat Agree,Somewhat Agree,No,No,"interesting, gives perspective ",20,Female,Caucasian/White,Junior,,,,,,,,,,,,,,,,
2019-09-26 11:16:06,2019-09-26 11:37:46,IP Address,128.206.42.217,100,1300,True,2019-09-26 11:37:47,R_1zRgryJzB6coBnX,,,,,38.9517059326171875,-92.33409881591796875,anonymous,EN,Neither Agree or Disagree,Agree,Somewhat Agree,Neither Agree or Disagree,0,0,173.34,0,Neither Agree or Disagree,Agree,Somewhat Agree,Agree,No,No,it was different; kind of confusing,18,Female,Caucasian/White,Freshman,,,,,,,,,,,,,,,,,,,,,,,,,,,,,,,,
2019-09-26 11:27:10,2019-09-26 11:38:57,IP Address,128.206.42.214,100,707,True,2019-09-26 11:38:57,R_2WVHgM8HK3A99dr,,,,,38.9517059326171875,-92.33409881591796875,anonymous,EN,Neither Agree or Disagree,Neither Agree or Disagree,Somewhat Disagree,Strongly Agree,0,0,516.951,0,Neither Agree or Disagree,Neither Agree or Disagree,Somewhat Disagree,Strongly Agree,No,No,It was difficult deciding on what to pick for the toppings,18,Female,"Caucasian/White,Asian/Pacific Islander",Freshman,,,,,,,,,,,,,,,,,,,,,,,,,,,,,,,,
2019-09-26 11:16:45,2019-09-26 11:42:14,IP Address,128.206.42.139,100,1528,True,2019-09-26 11:42:14,R_3kuhK5EFpmTqDhU,,,,,38.9517059326171875,-92.33409881591796875,anonymous,EN,Neither Agree or Disagree,Agree,Somewhat Agree,Agree,,,,,,,,,,,,,,,,,,,,,,,,,,,,,,,,0,0,679.104,0,Neither Agree or Disagree,Agree,Neither Agree or Disagree,Agree,Agree,No,No,It was kind of confusing but I liked seeing the different choices and views.,18,Female,Caucasian/White,Freshman
2019-09-26 11:22:05,2019-09-26 11:49:33,IP Address,128.206.42.193,100,1648,True,2019-09-26 11:49:34,R_SV4A3GznY44pJ4Z,,,,,38.9517059326171875,-92.33409881591796875,anonymous,EN,Neither Agree or Disagree,Somewhat Agree,Neither Agree or Disagree,Agree,,,,,,,,,,,,,,,,0,0,574.336,0,Neither Agree or Disagree,Somewhat Agree,Neither Agree or Disagree,Agree,Agree,No,No,It was difficult because it is hard to pick between necessary things you that you have to give up.,18,Female,Caucasian/White,Freshman,,,,,,,,,,,,,,,,
2019-09-26 11:42:44,2019-09-26 12:16:30,IP Address,128.206.42.217,100,2026,True,2019-09-26 12:16:30,R_2tnV9iGC5dK8b1x,,,,,38.9517059326171875,-92.33409881591796875,anonymous,EN,Agree,Agree,Somewhat Disagree,Strongly Agree,820.753,828.256,849.356,2,Strongly Agree,Strongly Agree,Disagree,Strongly Agree,No,No,"confusing,was unsure about the instructions",18,Female,African-American/Black,Sophmore,,,,,,,,,,,,,,,,,,,,,,,,,,,,,,,,
2019-09-26 11:42:53,2019-09-26 12:17:33,IP Address,128.206.42.171,100,2079,True,2019-09-26 12:17:34,R_3dKeo5gXX9Y6z5U,,,,,38.9517059326171875,-92.33409881591796875,anonymous,EN,Somewhat Agree,Strongly Agree,Strongly Disagree,Agree,,,,,,,,,,,,,,,,850.88,850.88,856.06,1,Somewhat Agree,Strongly Agree,Strongly Disagree,Agree,Agree,No,No,I think that it is a good exercise because not a lot of people know how hard of a topic healthcare can be.,18,Female,"Caucasian/White,African-American/Black",Freshman,,,,,,,,,,,,,,,,
2019-09-26 11:42:36,2019-09-26 12:18:16,IP Address,128.206.42.139,100,2140,True,2019-09-26 12:18:17,R_1eK4yaHtWmzMYKq,,,,,38.9517059326171875,-92.33409881591796875,anonymous,EN,Neither Agree or Disagree,Somewhat Agree,Somewhat Disagree,Somewhat Agree,,,,,,,,,,,,,,,,,,,,,,,,,,,,,,,,2.433,37.698,94.65,9,Agree,Somewhat Agree,Neither Agree or Disagree,Agree,Somewhat Agree,No,No,I thought this was an eye opening experiment.,18,Female,Asian/Pacific Islander,Freshman
2019-09-26 13:01:02,2019-09-26 13:14:03,IP Address,128.206.42.171,100,781,True,2019-09-26 13:14:04,R_129Bvzu1MqKEp1w,,,,,38.9517059326171875,-92.33409881591796875,anonymous,EN,Neither Agree or Disagree,Strongly Agree,Strongly Disagree,Strongly Agree,,,,,,,,,,,,,,,,0,0,635.855,0,Strongly Agree,Strongly Agree,Strongly Disagree,Strongly Agree,Strongly Agree,Yes,Yes,"i think it was needed ",20,Female,African-American/Black,Junior,,,,,,,,,,,,,,,,
2019-09-26 11:51:32,2019-09-26 13:46:19,IP Address,128.206.42.193,100,6886,True,2019-09-26 13:46:19,R_278piUMj6s0BmE8,,,,,38.9517059326171875,-92.33409881591796875,anonymous,EN,Neither Agree or Disagree,Somewhat Agree,Somewhat Agree,Strongly Agree,,,,,,,,,,,,,,,,,,,,,,,,,,,,,,,,0,0,358.189,0,Somewhat Agree,Somewhat Agree,Somewhat Agree,Agree,Somewhat Agree,No,No,"I feel that have a health care system more like in other countries where you pay high taxes but all of your health care is technically free then is the best system, and would work for the United States too.",18,Female,Caucasian/White,Freshman
2019-09-26 13:29:34,2019-09-26 14:26:57,IP Address,128.206.42.171,100,3442,True,2019-09-26 14:26:57,R_2CQ7ldkyrZTSpYV,,,,,38.9517059326171875,-92.33409881591796875,anonymous,EN,Neither Agree or Disagree,Neither Agree or Disagree,Neither Agree or Disagree,Neither Agree or Disagree,2.417,8.321,618.38,2,Neither Agree or Disagree,Neither Agree or Disagree,Neither Agree or Disagree,Neither Agree or Disagree,No,No,"The directions were not super clear, but it was interesting because I did not exactly follow what I usually get on pizza because the cheese was very last and I just went in order of the packet. ",18,Female,Caucasian/White,Freshman,,,,,,,,,,,,,,,,,,,,,,,,,,,,,,,,
2019-09-19 10:30:53,2019-09-19 14:37:28,IP Address,128.206.42.169,51,14794,False,2019-09-26 14:37:34,R_12osISBfWIuNLuk,,,,,,,anonymous,EN,Agree,Somewhat Agree,Disagree,Agree,,,,,,,,,,,,,,,,0,0,567.043,0,Agree,Strongly Agree,Somewhat Disagree,Somewhat Agree,Somewhat Agree,No,No,it was easy and cool,18,Female,Caucasian/White,Freshman,,,,,,,,,,,,,,,,
2019-09-26 13:00:39,2019-09-26 14:40:57,IP Address,128.206.42.217,100,6017,True,2019-09-26 14:40:57,R_3kFcj1JPvn816sj,,,,,38.9517059326171875,-92.33409881591796875,anonymous,EN,Neither Agree or Disagree,Somewhat Agree,Somewhat Agree,Agree,0,0,715.599,0,Neither Agree or Disagree,Somewhat Agree,Somewhat Disagree,Agree,No,No,"I'm confused as to how the pizza relates to universal health care. Another comment is, I wish they would've explained the 2013 Affordable Care Act.",18,Female,Caucasian/White,Freshman,,,,,,,,,,,,,,,,,,,,,,,,,,,,,,,,
2019-09-26 13:30:34,2019-09-26 14:42:15,IP Address,128.206.42.139,100,4301,True,2019-09-26 14:42:15,R_3RsGOQqgzU1YX6g,,,,,38.9517059326171875,-92.33409881591796875,anonymous,EN,Agree,Strongly Agree,Disagree,Strongly Agree,,,,,,,,,,,,,,,,,,,,,,,,,,,,,,,,0,0,792.706,0,Strongly Agree,Strongly Agree,Strongly Disagree,Strongly Agree,Strongly Agree,No,No,It was hard to choose because some of the parts in the insurance plan would've been nice to have but no necessary for me personally.,18,Female,"African-American/Black,Hispanic/Latino(a)",Freshman
2019-10-01 10:44:37,2019-10-01 11:09:53,IP Address,128.206.42.214,100,1515,True,2019-10-01 11:09:54,R_2CTVhbQ1gyM0eML,,,,,38.9517059326171875,-92.33409881591796875,anonymous,EN,Neither Agree or Disagree,Neither Agree or Disagree,Neither Agree or Disagree,Agree,,,,,,,,,,,,,,,,0,0,481.03,0,Agree,Agree,Somewhat Disagree,Agree,Somewhat Agree,No,No,there is a lot we have to pay for that i do not think we should,19,Female,Caucasian/White,Freshman,,,,,,,,,,,,,,,,
2019-10-01 11:12:26,2019-10-01 11:34:46,IP Address,128.206.42.214,100,1339,True,2019-10-01 11:34:47,R_2Yt9ccbBz6W9U8r,,,,,38.9517059326171875,-92.33409881591796875,anonymous,EN,Somewhat Disagree,Neither Agree or Disagree,Somewhat Agree,Neither Agree or Disagree,0,0,292.387,0,Neither Agree or Disagree,Neither Agree or Disagree,Neither Agree or Disagree,Neither Agree or Disagree,No,Yes,I do not get it,19,Female,Caucasian/White,Sophmore,,,,,,,,,,,,,,,,,,,,,,,,,,,,,,,,
2019-10-01 12:26:18,2019-10-01 12:33:15,IP Address,128.206.42.214,100,417,True,2019-10-01 12:33:15,R_1FrmIUIRIozjlcR,,,,,38.9517059326171875,-92.33409881591796875,anonymous,EN,Agree,Strongly Agree,Strongly Disagree,Strongly Agree,,,,,,,,,,,,,,,,,,,,,,,,,,,,,,,,2.95,2.95,261.262,1,Strongly Agree,Strongly Agree,Strongly Disagree,Strongly Agree,Somewhat Agree,No,No,It was interesting seing  health care plan laid out.,18,Male,African-American/Black,Freshman
2019-10-01 13:19:13,2019-10-01 13:33:47,IP Address,128.206.42.214,100,874,True,2019-10-01 13:33:48,R_3hxucW4oEOYhXB2,,,,,38.9517059326171875,-92.33409881591796875,anonymous,EN,Agree,Agree,Disagree,Strongly Agree,,,,,,,,,,,,,,,,0,0,600.568,0,Agree,Agree,Disagree,Strongly Agree,Strongly Agree,No,No,"I think it was really effective in showing how health care benefits can be really beneficial for everyone. ",18,Female,Caucasian/White,Freshman,,,,,,,,,,,,,,,,
2019-10-01 13:35:08,2019-10-01 13:57:09,IP Address,128.206.42.214,100,1320,True,2019-10-01 13:57:09,R_2qlwU3XRNl9lNti,,,,,38.9517059326171875,-92.33409881591796875,anonymous,EN,Neither Agree or Disagree,Somewhat Agree,Disagree,Agree,0,0,410.187,0,Neither Agree or Disagree,Somewhat Disagree,Somewhat Disagree,Agree,No,No,"Interesting, quick, and easy experiment. Enjoyed the paper survey completing my perfect pizza.",23,Male,Caucasian/White,Senior,,,,,,,,,,,,,,,,,,,,,,,,,,,,,,,,
2019-09-25 12:24:25,2019-09-26 11:22:39,IP Address,128.206.42.165,1,82694,False,2019-10-03 11:22:42,R_DUdsLcCVbxkRGx3,,,,,,,anonymous,EN,,,,,,,,,,,,,,,,,,,,,,,,,,,,,,,,,,,,,,,,,,,,,,,,,,,
2019-10-15 10:23:55,2019-10-15 11:40:23,IP Address,128.206.42.214,100,4587,True,2019-10-15 11:40:23,R_3FVhEVNQTgMUsJH,,,,,38.9517059326171875,-92.33409881591796875,anonymous,EN,Somewhat Agree,Strongly Agree,Strongly Disagree,Strongly Agree,,,,,,,,,,,,,,,,,,,,,,,,,,,,,,,,0,0,559.275,0,Somewhat Agree,Strongly Agree,Strongly Disagree,Strongly Agree,Strongly Agree,No,No,"The way that plan was laid out with the pegs was slightly confusing and I think that it might provide more accurate answers if it were formatted more clearly.  Otherwise, I thought that the different levels of care were described well and gave a good picture of what would be provided.",18,Female,Caucasian/White,Freshman
2019-10-15 10:35:24,2019-10-15 11:41:16,IP Address,128.206.42.169,100,3952,True,2019-10-15 11:41:17,R_3lJLjQv54o6SwIN,,,,,38.9517059326171875,-92.33409881591796875,anonymous,EN,Neither Agree or Disagree,Neither Agree or Disagree,Neither Agree or Disagree,Neither Agree or Disagree,0,0,400.523,0,Neither Agree or Disagree,Neither Agree or Disagree,Somewhat Disagree,Neither Agree or Disagree,No,No,"comfusing ",18,Female,"Caucasian/White,African-American/Black",Freshman,,,,,,,,,,,,,,,,,,,,,,,,,,,,,,,,
2019-10-15 10:35:45,2019-10-15 11:45:10,IP Address,128.206.42.193,100,4164,True,2019-10-15 11:45:10,R_1rMloEfUyN0ABp2,,,,,38.9517059326171875,-92.33409881591796875,anonymous,EN,Agree,Strongly Agree,Strongly Disagree,Strongly Agree,,,,,,,,,,,,,,,,,,,,,,,,,,,,,,,,0,0,581.324,0,Strongly Agree,Strongly Agree,Strongly Disagree,Strongly Agree,Strongly Agree,No,No,it was fun,18,Female,"Caucasian/White,African-American/Black",Freshman
2019-10-15 10:25:53,2019-10-15 11:51:53,IP Address,128.206.42.165,100,5160,True,2019-10-15 11:51:54,R_5uKlO76bX1CcDzH,,,,,38.9517059326171875,-92.33409881591796875,anonymous,EN,Strongly Agree,Strongly Agree,Disagree,Strongly Agree,,,,,,,,,,,,,,,,0,0,1112.572,0,Strongly Agree,Strongly Agree,Disagree,Strongly Agree,Agree,No,No,I think it was thought provoking and something everyone should be voicing their opinion about. We need change in the healtcare field.,19,Male,Other,Freshman,,,,,,,,,,,,,,,,
2019-10-17 11:31:37,2019-10-17 11:41:50,IP Address,128.206.42.193,100,612,True,2019-10-17 11:41:50,R_XM877naH0h2XYQN,,,,,38.9517059326171875,-92.33409881591796875,anonymous,EN,Strongly Agree,Agree,Disagree,Somewhat Agree,,,,,,,,,,,,,,,,0,0,459.33,0,Agree,Agree,Disagree,Agree,Strongly Agree,No,Yes,Confusing without instructor help,18,Male,Caucasian/White,Freshman,,,,,,,,,,,,,,,,
2019-10-17 11:57:21,2019-10-17 12:05:01,IP Address,128.206.42.169,100,460,True,2019-10-17 12:05:01,R_2VdKapiaMg8r1PV,,,,,38.9517059326171875,-92.33409881591796875,anonymous,EN,Neither Agree or Disagree,Somewhat Agree,Disagree,Somewhat Agree,,,,,,,,,,,,,,,,,,,,,,,,,,,,,,,,0,0,336.541,0,Somewhat Agree,Somewhat Agree,Disagree,Agree,Somewhat Agree,No,No,I liked this exercise and how all of the packets were individualized to each person's beliefs.,18,Female,Caucasian/White,Freshman
2019-10-17 11:51:47,2019-10-17 12:06:10,IP Address,128.206.42.139,100,862,True,2019-10-17 12:06:10,R_vpI1D6CrTAbAfZf,,,,,38.9517059326171875,-92.33409881591796875,anonymous,EN,Strongly Disagree,Somewhat Agree,Strongly Agree,Strongly Agree,,,,,,,,,,,,,,,,,,,,,,,,,,,,,,,,0,0,355.242,0,Disagree,Somewhat Disagree,Agree,Strongly Agree,Neither Agree or Disagree,No,No,interesting to see what types of coverages there are and how the plans affect the health care.,19,Male,Caucasian/White,Freshman
2019-10-17 11:51:29,2019-10-17 12:07:10,IP Address,128.206.42.217,100,941,True,2019-10-17 12:07:10,R_3j6xAlUjWIgmFtM,,,,,38.9517059326171875,-92.33409881591796875,anonymous,EN,Neither Agree or Disagree,Somewhat Agree,Somewhat Agree,Somewhat Agree,0,0,421.235,0,Neither Agree or Disagree,Somewhat Agree,Somewhat Agree,Somewhat Agree,No,No,It was an intesting take on issues in America today.,18,Male,Caucasian/White,Freshman,,,,,,,,,,,,,,,,,,,,,,,,,,,,,,,,
2019-10-17 11:33:00,2019-10-17 12:08:25,IP Address,128.206.42.214,100,2125,True,2019-10-17 12:08:26,R_3htoAvAUJNoFHPr,,,,,38.9517059326171875,-92.33409881591796875,anonymous,EN,Strongly Agree,Somewhat Agree,Strongly Disagree,Strongly Agree,0,0,496.511,0,Strongly Agree,Agree,Somewhat Disagree,Somewhat Agree,No,No,It made you really think about how it's probably hard to give the top types of insurance to everyone. However It doesnt change me view that everyone deserves healthcare as a basic human right.,18,Female,African-American/Black,Freshman,,,,,,,,,,,,,,,,,,,,,,,,,,,,,,,,
2019-10-17 11:31:54,2019-10-17 12:09:17,IP Address,128.206.42.166,100,2242,True,2019-10-17 12:09:17,R_3hAtT7FLLUNM7GD,,,,,38.9517059326171875,-92.33409881591796875,anonymous,EN,Somewhat Agree,Neither Agree or Disagree,Neither Agree or Disagree,Somewhat Agree,0,0,610.531,0,Somewhat Agree,Somewhat Agree,Somewhat Agree,Agree,No,No,interesting,18,Female,Caucasian/White,Freshman,,,,,,,,,,,,,,,,,,,,,,,,,,,,,,,,
2019-10-17 11:32:47,2019-10-17 12:09:31,IP Address,128.206.42.165,100,2203,True,2019-10-17 12:09:31,R_2uJuLHq0umQaB6j,,,,,38.9517059326171875,-92.33409881591796875,anonymous,EN,Neither Agree or Disagree,Somewhat Agree,Somewhat Disagree,Agree,,,,,,,,,,,,,,,,0,0,660.71,0,Somewhat Agree,Somewhat Agree,Somewhat Disagree,Agree,Somewhat Agree,No,No,Interesting,19,Female,Caucasian/White,Freshman,,,,,,,,,,,,,,,,
2019-10-17 11:57:12,2019-10-17 12:09:42,IP Address,128.206.42.193,100,750,True,2019-10-17 12:09:42,R_1Q6roVCeiBkip35,,,,,38.9517059326171875,-92.33409881591796875,anonymous,EN,Somewhat Agree,Neither Agree or Disagree,Disagree,Agree,,,,,,,,,,,,,,,,,,,,,,,,,,,,,,,,0,0,159.285,0,Somewhat Agree,Neither Agree or Disagree,Disagree,Agree,Somewhat Agree,No,No,Very unique in content and a bit confsing,18,Male,Caucasian/White,Freshman
2019-10-17 11:31:15,2019-10-17 12:10:18,IP Address,128.206.42.171,100,2343,True,2019-10-17 12:10:19,R_1jwhdpJ97AUKvaZ,,,,,38.9517059326171875,-92.33409881591796875,anonymous,EN,Disagree,Somewhat Disagree,Somewhat Agree,Somewhat Disagree,,,,,,,,,,,,,,,,0,0,173.476,0,Neither Agree or Disagree,Disagree,Somewhat Agree,Somewhat Disagree,Somewhat Disagree,No,No,n/a,18,Female,Caucasian/White,Freshman,,,,,,,,,,,,,,,,
2019-10-17 12:05:37,2019-10-17 12:12:44,IP Address,128.206.42.169,100,427,True,2019-10-17 12:12:45,R_1rAgNVgGXp62crW,,,,,38.9517059326171875,-92.33409881591796875,anonymous,EN,Strongly Agree,Strongly Agree,Somewhat Agree,Agree,9.5,12.724,299.737,4,Strongly Agree,Agree,Strongly Agree,Strongly Agree,Yes,No,"It was Interesting ",18,Male,Caucasian/White,Freshman,,,,,,,,,,,,,,,,,,,,,,,,,,,,,,,,
2019-10-17 12:07:23,2019-10-17 12:13:15,IP Address,128.206.42.139,100,352,True,2019-10-17 12:13:16,R_22YGSnUN8uy9JS1,,,,,38.9517059326171875,-92.33409881591796875,anonymous,EN,Agree,Somewhat Agree,Disagree,Somewhat Agree,,,,,,,,,,,,,,,,,,,,,,,,,,,,,,,,0,0,167.096,0,Somewhat Agree,Somewhat Agree,Disagree,Somewhat Agree,Somewhat Agree,No,No,"It really opened my eyes about a lot of things considering health care. I really didn't know much about it and like what all it covered until now. ",18,Female,Caucasian/White,Freshman
2019-10-17 12:08:42,2019-10-17 12:18:03,IP Address,128.206.42.214,100,560,True,2019-10-17 12:18:03,R_2AGUOpk5kF9ysnH,,,,,38.9517059326171875,-92.33409881591796875,anonymous,EN,Neither Agree or Disagree,Agree,Neither Agree or Disagree,Agree,,,,,,,,,,,,,,,,0,0,370.061,0,Agree,Agree,Somewhat Disagree,Agree,Neither Agree or Disagree,No,No,"Makes me think about how necessary healthcare is. ",18,Male,Asian/Pacific Islander,Freshman,,,,,,,,,,,,,,,,
2019-10-17 12:07:29,2019-10-17 12:21:35,IP Address,128.206.42.217,100,845,True,2019-10-17 12:21:36,R_2dlH2Wx5X4U1Hqw,,,,,38.9517059326171875,-92.33409881591796875,anonymous,EN,Strongly Agree,Strongly Agree,Disagree,Agree,0,0,558.868,0,Strongly Agree,Strongly Agree,Disagree,Agree,No,No,I'm a little confused how it correlates to the health care study.,18,Female,Caucasian/White,Freshman,,,,,,,,,,,,,,,,,,,,,,,,,,,,,,,,
2019-10-17 12:13:36,2019-10-17 12:25:37,IP Address,128.206.42.139,100,720,True,2019-10-17 12:25:37,R_2Vz5nbpcnI9rIg1,,,,,38.9517059326171875,-92.33409881591796875,anonymous,EN,Neither Agree or Disagree,Somewhat Agree,Somewhat Agree,Strongly Agree,,,,,,,,,,,,,,,,2.647,573.627,574.096,2,Somewhat Agree,Somewhat Agree,Somewhat Agree,Strongly Agree,Agree,No,No,"I liked the exercise and I thought it was cool to see all the different types of health plans people can choose from. ",18,Female,Asian/Pacific Islander,Freshman,,,,,,,,,,,,,,,,
2019-10-17 12:12:37,2019-10-17 12:26:13,IP Address,128.206.42.171,100,815,True,2019-10-17 12:26:13,R_NXWcD1KGsvY5wxH,,,,,38.9517059326171875,-92.33409881591796875,anonymous,EN,Agree,Neither Agree or Disagree,Disagree,Agree,,,,,,,,,,,,,,,,,,,,,,,,,,,,,,,,0,0,324.03,0,Agree,Disagree,Disagree,Agree,Agree,No,No,"I think that it reveals the afforadable care act covers more than the basic person needs, and that there really shouldn't be a reason why people would need more health care.",18,Male,Caucasian/White,Freshman
2019-10-17 12:10:15,2019-10-17 12:26:24,IP Address,128.206.42.166,100,969,True,2019-10-17 12:26:24,R_6JAJlagzjQPfjeV,,,,,38.9517059326171875,-92.33409881591796875,anonymous,EN,Neither Agree or Disagree,Neither Agree or Disagree,Somewhat Agree,Strongly Agree,,,,,,,,,,,,,,,,,,,,,,,,,,,,,,,,0,0,350.676,0,Neither Agree or Disagree,Neither Agree or Disagree,Somewhat Agree,Strongly Agree,Strongly Agree,No,No,"It allowed me to understand more about the healthcare system and what plans it offers. ",18,Male,Caucasian/White,Freshman
2019-10-17 12:21:57,2019-10-17 12:34:47,IP Address,128.206.42.217,100,769,True,2019-10-17 12:34:47,R_3lFTm5GLV5fx5UU,,,,,38.9517059326171875,-92.33409881591796875,anonymous,EN,Disagree,Disagree,Agree,Somewhat Disagree,,,,,,,,,,,,,,,,46.684,46.684,64.075,1,Disagree,Disagree,Agree,Somewhat Agree,Somewhat Disagree,No,No,"very political, dont try to change my mind about my beliefs",19,Male,Caucasian/White,Sophmore,,,,,,,,,,,,,,,,
2019-10-17 12:22:28,2019-10-17 12:38:18,IP Address,128.206.42.169,100,949,True,2019-10-17 12:38:18,R_1DCPqBGam618CKk,,,,,38.9517059326171875,-92.33409881591796875,anonymous,EN,Neither Agree or Disagree,Somewhat Agree,Neither Agree or Disagree,Strongly Agree,,,,,,,,,,,,,,,,,,,,,,,,,,,,,,,,163.553,163.553,164.046,1,Neither Agree or Disagree,Somewhat Agree,Neither Agree or Disagree,Strongly Agree,Somewhat Agree,No,No,It was a little confusing if you aren't very familiar with insurance and health care.,18,Female,Caucasian/White,Freshman
2019-10-17 12:22:38,2019-10-17 12:39:33,IP Address,128.206.42.165,100,1014,True,2019-10-17 12:39:33,R_6Gdt7Ty3ldJ3txn,,,,,38.9517059326171875,-92.33409881591796875,anonymous,EN,Agree,Strongly Agree,Disagree,Somewhat Agree,0,0,384.748,0,Agree,Strongly Agree,Somewhat Disagree,Disagree,Yes,Yes,Dont see the correlation between the two,18,Male,Asian/Pacific Islander,Freshman,,,,,,,,,,,,,,,,,,,,,,,,,,,,,,,,
2019-10-17 12:25:57,2019-10-17 12:39:34,IP Address,128.206.42.139,100,817,True,2019-10-17 12:39:34,R_2V2Tdc6qHKIE9PM,,,,,38.9517059326171875,-92.33409881591796875,anonymous,EN,Agree,Somewhat Agree,Disagree,Neither Agree or Disagree,,,,,,,,,,,,,,,,0,0,565.887,0,Agree,Agree,Disagree,Neither Agree or Disagree,Somewhat Agree,No,No,"Making the choices for which to cover were very hard but a fun and though provoking excercise   ",18,Male,Caucasian/White,Freshman,,,,,,,,,,,,,,,,
2019-10-17 12:22:44,2019-10-17 12:43:17,IP Address,128.206.42.214,100,1233,True,2019-10-17 12:43:17,R_1mq4O4gcHj92RN8,,,,,38.9517059326171875,-92.33409881591796875,anonymous,EN,Agree,Strongly Agree,Somewhat Agree,Strongly Agree,0,0,597.873,0,Agree,Somewhat Agree,Strongly Agree,Strongly Agree,No,No,"It was interesting building your own pizza that way. ",19,Male,African-American/Black,Sophmore,,,,,,,,,,,,,,,,,,,,,,,,,,,,,,,,
2019-10-17 12:43:39,2019-10-17 13:00:43,IP Address,128.206.42.214,100,1023,True,2019-10-17 13:00:43,R_2pMldehKk4l4o7y,,,,,38.9517059326171875,-92.33409881591796875,anonymous,EN,Agree,Strongly Agree,Disagree,Strongly Agree,,,,,,,,,,,,,,,,,,,,,,,,,,,,,,,,0,0,295.162,0,Agree,Strongly Agree,Strongly Disagree,Strongly Agree,Agree,No,Yes,"It shows what I believe we should be supported by what we pay for ",18,Female,Asian/Pacific Islander,Freshman
2019-10-17 12:40:38,2019-10-17 13:05:01,IP Address,128.206.42.165,100,1463,True,2019-10-17 13:05:02,R_3PbD3jHEBzRdLQa,,,,,38.9517059326171875,-92.33409881591796875,anonymous,EN,Somewhat Disagree,Somewhat Agree,Somewhat Agree,Agree,,,,,,,,,,,,,,,,0,0,553.966,0,Somewhat Agree,Somewhat Agree,Somewhat Agree,Agree,Somewhat Agree,No,No,It was eye opening how sometimes you had to cut necessary medical routines in order to receive other types of care.,18,Male,Caucasian/White,Freshman,,,,,,,,,,,,,,,,
2019-10-17 12:39:56,2019-10-17 13:12:52,IP Address,128.206.42.139,100,1976,True,2019-10-17 13:12:53,R_1HogcRBdiXdTmXL,,,,,38.9517059326171875,-92.33409881591796875,anonymous,EN,Somewhat Agree,Somewhat Disagree,Somewhat Disagree,Agree,0,0,310.037,0,Neither Agree or Disagree,Somewhat Agree,Somewhat Disagree,Somewhat Agree,No,Yes,It wasn't bad,18,Male,Caucasian/White,Freshman,,,,,,,,,,,,,,,,,,,,,,,,,,,,,,,,
2019-10-17 12:42:18,2019-10-22 11:30:51,IP Address,128.206.42.217,100,427713,True,2019-10-22 11:30:52,R_1gjrranKGGSs3D9,,,,,38.9517059326171875,-92.33409881591796875,anonymous,EN,Neither Agree or Disagree,Somewhat Agree,Neither Agree or Disagree,Neither Agree or Disagree,140.291,140.291,142.058,1,Neither Agree or Disagree,Agree,Neither Agree or Disagree,Neither Agree or Disagree,No,Yes,"My definition of 'basic needs' differs between food and healthcare, so it was hard for me to form parallel opinions.",21,Male,Caucasian/White,Senior,,,,,,,,,,,,,,,,,,,,,,,,,,,,,,,,
2019-10-22 11:25:10,2019-10-22 11:40:42,IP Address,128.206.42.214,100,931,True,2019-10-22 11:40:42,R_3n9vaLScjidwd2T,,,,,38.9517059326171875,-92.33409881591796875,anonymous,EN,Somewhat Agree,Strongly Agree,Strongly Disagree,Strongly Agree,,,,,,,,,,,,,,,,,,,,,,,,,,,,,,,,0,0,63.406,0,Agree,Strongly Agree,Strongly Disagree,Strongly Agree,Somewhat Agree,No,Yes,"For my packet it seems that almost all of your basic needs are met. I feel that in some categories that it's not enough long term for a person to survive because things happen. ",19,Female,"African-American/Black,American Indian/Alaska Native",Sophmore
2019-10-22 11:31:06,2019-10-22 11:41:01,IP Address,128.206.42.217,100,595,True,2019-10-22 11:41:01,R_32QIktBZnl3qO63,,,,,38.9517059326171875,-92.33409881591796875,anonymous,EN,Neither Agree or Disagree,Somewhat Disagree,Somewhat Agree,Neither Agree or Disagree,,,,,,,,,,,,,,,,,,,,,,,,,,,,,,,,0,0,440.79,0,Somewhat Agree,Somewhat Agree,Somewhat Disagree,Somewhat Agree,Somewhat Agree,Yes,No,made me think about what i have,18,Male,Hispanic/Latino(a),Freshman
2019-10-22 11:29:24,2019-10-22 11:42:27,IP Address,128.206.42.139,100,783,True,2019-10-22 11:42:27,R_2WCraYffXrLnUXu,,,,,38.9517059326171875,-92.33409881591796875,anonymous,EN,Somewhat Agree,Strongly Agree,Disagree,Strongly Agree,,,,,,,,,,,,,,,,96.161,96.92,97.738,2,Somewhat Agree,Strongly Agree,Disagree,Strongly Agree,Somewhat Agree,No,No,I enjoyed it,18,Male,Caucasian/White,Freshman,,,,,,,,,,,,,,,,
2019-10-22 11:24:29,2019-10-22 11:42:52,IP Address,128.206.42.166,100,1102,True,2019-10-22 11:42:53,R_UmgVEmQDS5QTJnP,,,,,38.9517059326171875,-92.33409881591796875,anonymous,EN,Somewhat Agree,Agree,Disagree,Agree,,,,,,,,,,,,,,,,0.684,0.684,562.445,1,Somewhat Agree,Agree,Disagree,Agree,Somewhat Disagree,Yes,No,It was difficult to choose what was more important than others.,18,Female,Caucasian/White,Freshman,,,,,,,,,,,,,,,,
2019-10-22 11:24:48,2019-10-22 11:45:56,IP Address,128.206.42.193,100,1268,True,2019-10-22 11:45:56,R_C2XHB2f60a9mbeN,,,,,38.9517059326171875,-92.33409881591796875,anonymous,EN,Agree,Strongly Agree,Disagree,Strongly Agree,0,0,241.71,0,Agree,Strongly Agree,Disagree,Strongly Agree,No,No,"It shows that there are limited resources in providing everyone healthcare, despite the desire to do so. As a result, some parts (of the pizza) get higher quality ingredients while others are not even placed on the pizza at all. ",18,Female,Caucasian/White,Freshman,,,,,,,,,,,,,,,,,,,,,,,,,,,,,,,,
2019-10-22 11:25:06,2019-10-22 11:45:58,IP Address,128.206.42.165,100,1252,True,2019-10-22 11:45:58,R_2DThwF5aYSmtP5y,,,,,38.9517059326171875,-92.33409881591796875,anonymous,EN,Neither Agree or Disagree,Agree,Disagree,Agree,0,0,111.424,0,Neither Agree or Disagree,Agree,Disagree,Agree,No,No,"It made you think about what I wanted to include in my own pizza. It let me make my own decisions. ",18,Female,Caucasian/White,Freshman,,,,,,,,,,,,,,,,,,,,,,,,,,,,,,,,
2019-10-22 11:43:55,2019-10-22 11:47:49,IP Address,128.206.42.169,100,234,True,2019-10-22 11:47:50,R_yxYpK5kfyPVNqCt,,,,,38.9517059326171875,-92.33409881591796875,anonymous,EN,Disagree,Disagree,Somewhat Agree,Neither Agree or Disagree,,,,,,,,,,,,,,,,0,0,145.992,0,Somewhat Disagree,Somewhat Disagree,Somewhat Agree,Neither Agree or Disagree,Neither Agree or Disagree,No,No,NA,18,Female,,Freshman,,,,,,,,,,,,,,,,
2019-10-22 11:50:43,2019-10-22 12:35:57,IP Address,128.206.42.165,100,2713,True,2019-10-22 12:35:57,R_Y9dzj6z9jhvR97z,,,,,38.9517059326171875,-92.33409881591796875,anonymous,EN,Somewhat Agree,Agree,Somewhat Agree,Somewhat Disagree,,,,,,,,,,,,,,,,,,,,,,,,,,,,,,,,0,0,361.7,0,Somewhat Agree,Strongly Agree,Somewhat Agree,Somewhat Disagree,Somewhat Agree,No,No,"I think that Universal Health Care is a tricky subject, because there is no possible way the United States could insure everyone completely without significantly raising taxes. I think this exercise showed me that it is hard to decide on insurance because you never know if you are going to need coverage for something. It also better showed me the issues surrounding Universal Health Care. ",18,Female,Caucasian/White,Freshman
2019-10-22 12:56:28,2019-10-22 13:00:34,IP Address,128.206.42.165,100,245,True,2019-10-22 13:00:34,R_UcDgvSnKwrdnP7H,,,,,38.9517059326171875,-92.33409881591796875,anonymous,EN,Somewhat Agree,Somewhat Disagree,Somewhat Agree,Somewhat Agree,,,,,,,,,,,,,,,,,,,,,,,,,,,,,,,,0,0,68.805,0,Agree,Somewhat Agree,Disagree,Agree,Disagree,No,No,This exercise showed me the majoy differences between the different levels of health care. This is an eye opener because theres a huge gap between the levels.,18,Male,Caucasian/White,Freshman
2019-10-22 13:00:42,2019-10-22 13:10:35,IP Address,128.206.42.214,100,593,True,2019-10-22 13:10:36,R_25ZaUu5RZ1FFSFt,,,,,38.9517059326171875,-92.33409881591796875,anonymous,EN,Disagree,Somewhat Agree,Somewhat Disagree,Neither Agree or Disagree,0,0,437.824,0,Disagree,Somewhat Agree,Somewhat Disagree,Neither Agree or Disagree,No,No,it was relatively easy to get 47 bubble filled will all the toppings I like,18,Female,Caucasian/White,Freshman,,,,,,,,,,,,,,,,,,,,,,,,,,,,,,,,
2019-10-24 11:26:37,2019-10-24 11:41:15,IP Address,128.206.42.214,100,877,True,2019-10-24 11:41:15,R_3Mu6hlSruuQueVR,,,,,38.9517059326171875,-92.33409881591796875,anonymous,EN,Neither Agree or Disagree,Neither Agree or Disagree,Strongly Disagree,Strongly Agree,,,,,,,,,,,,,,,,0,0,448.353,0,Neither Agree or Disagree,Neither Agree or Disagree,Neither Agree or Disagree,Neither Agree or Disagree,Neither Agree or Disagree,No,No,"it was good, great questions",18,Male,,Freshman,,,,,,,,,,,,,,,,
2019-10-24 11:26:42,2019-10-24 11:41:46,IP Address,128.206.42.165,100,904,True,2019-10-24 11:41:47,R_1hA6pb3lWHjHukc,,,,,38.9517059326171875,-92.33409881591796875,anonymous,EN,Agree,Agree,Somewhat Disagree,Agree,,,,,,,,,,,,,,,,,,,,,,,,,,,,,,,,0,0,446.541,0,Agree,Strongly Agree,Somewhat Disagree,Strongly Agree,Neither Agree or Disagree,No,No,It was very eye-opening into how health care is here in our country.,19,Male,African-American/Black,Sophmore
2019-10-24 11:27:07,2019-10-24 11:43:07,IP Address,128.206.42.171,100,960,True,2019-10-24 11:43:07,R_3kjDRIp8zvwRQW2,,,,,38.9517059326171875,-92.33409881591796875,anonymous,EN,Agree,Strongly Agree,Strongly Disagree,Strongly Agree,,,,,,,,,,,,,,,,0,0,103.66,0,Agree,Strongly Agree,Strongly Disagree,Strongly Agree,Agree,No,No,I honestly thought it would be harder to decide which items I felt were most important in budgeting,20,Female,Caucasian/White,Sophmore,,,,,,,,,,,,,,,,
2019-10-24 11:26:22,2019-10-24 11:43:36,IP Address,128.206.42.217,100,1034,True,2019-10-24 11:43:36,R_8wduAgHHHEYWrQJ,,,,,38.9517059326171875,-92.33409881591796875,anonymous,EN,Neither Agree or Disagree,Somewhat Agree,Somewhat Agree,Neither Agree or Disagree,0,0,530.297,0,Neither Agree or Disagree,Somewhat Agree,Somewhat Agree,Neither Agree or Disagree,No,Yes,I believe the questions on the survey are important,18,Male,Caucasian/White,Freshman,,,,,,,,,,,,,,,,,,,,,,,,,,,,,,,,
2019-10-24 11:27:40,2019-10-24 11:44:58,IP Address,128.206.42.169,100,1038,True,2019-10-24 11:44:59,R_RC560GLwa6fxFp7,,,,,38.9517059326171875,-92.33409881591796875,anonymous,EN,Neither Agree or Disagree,Strongly Agree,Somewhat Agree,Strongly Agree,,,,,,,,,,,,,,,,0,0,621.69,0,Neither Agree or Disagree,Agree,Somewhat Agree,Agree,Somewhat Agree,No,No,I was surprised by the different levels of coverages and what they offered.,18,Female,"Caucasian/White,Asian/Pacific Islander",Freshman,,,,,,,,,,,,,,,,
2019-10-24 11:27:15,2019-10-24 11:46:12,IP Address,128.206.42.139,100,1136,True,2019-10-24 11:46:12,R_210P4YD0xb58mva,,,,,38.9517059326171875,-92.33409881591796875,anonymous,EN,Somewhat Disagree,Somewhat Agree,Neither Agree or Disagree,Somewhat Agree,0,0,749.3,0,Somewhat Disagree,Somewhat Agree,Neither Agree or Disagree,Somewhat Agree,No,No,It was fun,18,Female,"Caucasian/White,Asian/Pacific Islander",Freshman,,,,,,,,,,,,,,,,,,,,,,,,,,,,,,,,
2019-10-24 11:43:45,2019-10-24 12:02:10,IP Address,128.206.42.171,100,1104,True,2019-10-24 12:02:10,R_QcCaSm1SHUiVsAx,,,,,38.9517059326171875,-92.33409881591796875,anonymous,EN,Somewhat Agree,Neither Agree or Disagree,Somewhat Agree,Neither Agree or Disagree,,,,,,,,,,,,,,,,,,,,,,,,,,,,,,,,0,0,117.014,0,Somewhat Agree,Neither Agree or Disagree,Neither Agree or Disagree,Somewhat Agree,Neither Agree or Disagree,No,No,Gave it no thought.,20,Male,Caucasian/White,Sophmore
2019-10-24 11:45:31,2019-10-24 12:03:53,IP Address,128.206.42.169,100,1102,True,2019-10-24 12:03:53,R_1JWosOUgGlLaHnm,,,,,38.9517059326171875,-92.33409881591796875,anonymous,EN,Strongly Agree,Strongly Agree,Strongly Disagree,Strongly Agree,,,,,,,,,,,,,,,,,,,,,,,,,,,,,,,,95.672,95.672,96.455,1,Strongly Agree,Strongly Agree,Strongly Disagree,Strongly Agree,Strongly Agree,No,No,"This exercise is useful to see the variety of different options for our health care system and how decisions determined by the upper class, affect the lower class in health insurance. ",18,Female,Caucasian/White,Freshman
2019-10-24 11:56:51,2019-10-24 12:04:33,IP Address,128.206.42.165,100,462,True,2019-10-24 12:04:33,R_PG1IBZmY8VJfs2Z,,,,,38.9517059326171875,-92.33409881591796875,anonymous,EN,Neither Agree or Disagree,Somewhat Agree,Somewhat Agree,Agree,,,,,,,,,,,,,,,,,,,,,,,,,,,,,,,,0,0,250.75,0,Neither Agree or Disagree,Neither Agree or Disagree,Somewhat Agree,Agree,Agree,No,No,"I didnt realize the variety of options, and levels of healthcare.",18,Female,Caucasian/White,Freshman
2019-10-24 11:44:29,2019-10-24 12:04:34,IP Address,128.206.42.217,100,1204,True,2019-10-24 12:04:34,R_2R8pq9DuV9IQsGN,,,,,38.9517059326171875,-92.33409881591796875,anonymous,EN,Neither Agree or Disagree,Neither Agree or Disagree,Agree,Somewhat Agree,,,,,,,,,,,,,,,,0,0,68.767,0,Neither Agree or Disagree,Neither Agree or Disagree,Agree,Strongly Agree,Neither Agree or Disagree,No,No,it was kind of interesting to see what each one does,18,Male,Caucasian/White,Freshman,,,,,,,,,,,,,,,,
2019-10-24 12:02:20,2019-10-24 12:07:21,IP Address,128.206.42.193,100,300,True,2019-10-24 12:07:21,R_10J0EH8BWGMSUpf,,,,,38.9517059326171875,-92.33409881591796875,anonymous,EN,Neither Agree or Disagree,Agree,Neither Agree or Disagree,Strongly Agree,,,,,,,,,,,,,,,,,,,,,,,,,,,,,,,,0,0,131.614,0,Strongly Agree,Strongly Agree,Neither Agree or Disagree,Strongly Agree,Strongly Agree,No,No,"Good to know, didn't know before this study",18,Female,Caucasian/White,Freshman
2019-10-24 11:42:36,2019-10-24 12:09:32,IP Address,128.206.42.214,100,1615,True,2019-10-24 12:09:32,R_3RjvqO8t04UDFbk,,,,,38.9517059326171875,-92.33409881591796875,anonymous,EN,Neither Agree or Disagree,Somewhat Agree,Somewhat Agree,Somewhat Agree,,,,,,,,,,,,,,,,0,0,544.867,0,Neither Agree or Disagree,Somewhat Agree,Somewhat Agree,Somewhat Agree,Agree,No,No,"It was educational and taughter me quite a bit. I have never had to think about insurance before, as my parents are in charge of that aspect of my life.",18,Female,Caucasian/White,Freshman,,,,,,,,,,,,,,,,
2019-10-24 11:46:38,2019-10-24 12:10:27,IP Address,128.206.42.139,100,1428,True,2019-10-24 12:10:27,R_2xxupssVUanxgVd,,,,,38.9517059326171875,-92.33409881591796875,anonymous,EN,Disagree,Somewhat Disagree,Somewhat Disagree,Somewhat Agree,0,0,122.143,0,Somewhat Disagree,Somewhat Disagree,Somewhat Disagree,Agree,No,Yes,It was okay.,19,Female,Caucasian/White,Freshman,,,,,,,,,,,,,,,,,,,,,,,,,,,,,,,,
2019-10-24 11:27:00,2019-10-24 12:11:12,IP Address,128.206.42.166,100,2652,True,2019-10-24 12:11:12,R_3M3GsLPrD4tR8Xm,,,,,38.9517059326171875,-92.33409881591796875,anonymous,EN,Neither Agree or Disagree,Agree,Somewhat Agree,Agree,0,0,393.801,0,Neither Agree or Disagree,Strongly Agree,Somewhat Agree,Agree,No,No,It was okay.,18,Male,Caucasian/White,Freshman,,,,,,,,,,,,,,,,,,,,,,,,,,,,,,,,
2019-10-24 12:08:24,2019-10-24 12:28:54,IP Address,128.206.42.217,100,1229,True,2019-10-24 12:28:54,R_1KwBUMCqQDbpl0S,,,,,38.9517059326171875,-92.33409881591796875,anonymous,EN,Neither Agree or Disagree,Agree,Disagree,Somewhat Agree,0,0,470.534,0,Somewhat Agree,Agree,Disagree,Strongly Agree,No,No,"A little confused yet I understand that basic need must be met to get to a higher level ",18,Female,"Caucasian/White,Asian/Pacific Islander",Freshman,,,,,,,,,,,,,,,,,,,,,,,,,,,,,,,,
2019-10-24 12:04:37,2019-10-24 12:31:00,IP Address,128.206.42.171,100,1583,True,2019-10-24 12:31:05,R_2ZPnH1jwkS0WumR,,,,,38.9517059326171875,-92.33409881591796875,anonymous,EN,Strongly Disagree,Disagree,Disagree,Disagree,,,,,,,,,,,,,,,,48.574,48.574,69.809,1,Strongly Disagree,Strongly Disagree,Disagree,Somewhat Disagree,Disagree,Yes,No,easy,19,Male,African-American/Black,Freshman,,,,,,,,,,,,,,,,
2019-10-24 12:08:30,2019-10-24 12:34:59,IP Address,128.206.42.193,100,1588,True,2019-10-24 12:35:00,R_BRM892aeix03KGR,,,,,38.9517059326171875,-92.33409881591796875,anonymous,EN,Neither Agree or Disagree,Agree,Somewhat Disagree,Agree,,,,,,,,,,,,,,,,,,,,,,,,,,,,,,,,0,0,125.606,0,Neither Agree or Disagree,Agree,Disagree,Strongly Agree,Neither Agree or Disagree,No,No,"interesting to see all the scenarios possible and know there are people living ike my scenario ",18,Female,"Caucasian/White,Asian/Pacific Islander",Freshman
2019-10-24 12:13:05,2019-10-24 12:38:25,IP Address,128.206.42.214,100,1519,True,2019-10-24 12:38:25,R_1Kfk8as1ILX7BQZ,,,,,38.9517059326171875,-92.33409881591796875,anonymous,EN,Disagree,Agree,Somewhat Agree,Agree,0,0,388.378,0,Disagree,Agree,Somewhat Agree,Agree,No,No,the directions were clear,19,Female,Caucasian/White,Freshman,,,,,,,,,,,,,,,,,,,,,,,,,,,,,,,,
2019-10-24 12:13:15,2019-10-24 12:38:33,IP Address,128.206.42.166,100,1518,True,2019-10-24 12:38:34,R_278XlQObDN7izRn,,,,,38.9517059326171875,-92.33409881591796875,anonymous,EN,Neither Agree or Disagree,Strongly Agree,Somewhat Disagree,Somewhat Agree,,,,,,,,,,,,,,,,,,,,,,,,,,,,,,,,0,0,272.655,0,Somewhat Agree,Agree,Somewhat Agree,Agree,Somewhat Agree,No,No,"At first it was a bit confusing, but once I understood how health insurance worked it was easier for me to determine wether this was a good plan or not",18,Female,African-American/Black,Freshman
2019-10-24 12:04:30,2019-10-24 12:39:18,IP Address,128.206.42.169,100,2088,True,2019-10-24 12:39:19,R_1GVTlePAQqVZYId,,,,,38.9517059326171875,-92.33409881591796875,anonymous,EN,Somewhat Agree,Somewhat Agree,Neither Agree or Disagree,Disagree,,,,,,,,,,,,,,,,0,0,953.791,0,Somewhat Agree,Somewhat Agree,Neither Agree or Disagree,Disagree,Agree,No,No,"It was fun trying to make those decisions. I ended up not bubbling any of the 'long term' ""retired person"" options because I just don't care enough for those benefits. Maybe it's because I'm not in that situation yet.",19,Male,Caucasian/White,Freshman,,,,,,,,,,,,,,,,
2019-10-24 12:05:15,2019-10-24 12:43:56,IP Address,128.206.42.165,100,2321,True,2019-10-24 12:43:56,R_3KHP1NBmxtzewdg,,,,,38.9517059326171875,-92.33409881591796875,anonymous,EN,Somewhat Agree,Agree,Strongly Disagree,Neither Agree or Disagree,0,0,181.067,0,Agree,Strongly Agree,Strongly Disagree,Disagree,No,No,The most basic ingredients were the most expensive. That seems rather like a good analogy for healthcare.,18,Male,Caucasian/White,Freshman,,,,,,,,,,,,,,,,,,,,,,,,,,,,,,,,
2019-10-24 12:28:29,2019-10-24 12:47:42,IP Address,128.206.42.139,100,1153,True,2019-10-24 12:47:42,R_1N8RJvAHjUVb9dX,,,,,38.9517059326171875,-92.33409881591796875,anonymous,EN,Neither Agree or Disagree,Somewhat Agree,Agree,Somewhat Agree,,,,,,,,,,,,,,,,0,0,846.644,0,Somewhat Agree,Somewhat Agree,Strongly Agree,Agree,Strongly Agree,No,No,it was a good way to represent how to choose what kind of coverage we can get but we can't get it all.,18,Female,Caucasian/White,Freshman,,,,,,,,,,,,,,,,
2019-10-24 12:44:57,2019-10-24 12:55:20,IP Address,128.206.42.165,100,623,True,2019-10-24 12:55:21,R_2WuOyiw1dfVa97n,,,,,38.9517059326171875,-92.33409881591796875,anonymous,EN,Neither Agree or Disagree,Agree,Somewhat Agree,Strongly Agree,,,,,,,,,,,,,,,,,,,,,,,,,,,,,,,,0,0,64.416,0,Neither Agree or Disagree,Agree,Somewhat Agree,Strongly Agree,Somewhat Agree,No,No,Interesting topic in today's society.,19,Male,Caucasian/White,Sophmore
2019-10-24 12:41:30,2019-10-24 12:57:28,IP Address,128.206.42.214,100,958,True,2019-10-24 12:57:28,R_shVTdftPgLYax3j,,,,,38.9517059326171875,-92.33409881591796875,anonymous,EN,Neither Agree or Disagree,Somewhat Agree,Neither Agree or Disagree,Somewhat Agree,,,,,,,,,,,,,,,,,,,,,,,,,,,,,,,,0,0,208.986,0,Neither Agree or Disagree,Somewhat Agree,Neither Agree or Disagree,Somewhat Agree,Somewhat Disagree,No,No,"Insurance has never been a stressor of mine so it is interesting the verying coverages hat are offered. It also makes me realize not everyone has access to basic health care that I have become accustomed to. ",18,Female,Caucasian/White,Freshman
2019-10-24 12:41:20,2019-10-24 12:59:01,IP Address,128.206.42.217,100,1060,True,2019-10-24 12:59:01,R_25F2w5hC2EjNmH2,,,,,38.9517059326171875,-92.33409881591796875,anonymous,EN,Neither Agree or Disagree,Agree,Agree,Agree,,,,,,,,,,,,,,,,0,0,497.517,0,Agree,Agree,Agree,Agree,Agree,No,No,I liked the way it was formated,18,Female,African-American/Black,Freshman,,,,,,,,,,,,,,,,
2019-10-24 12:48:13,2019-10-24 13:00:55,IP Address,128.206.42.139,100,761,True,2019-10-24 13:00:55,R_2R2LyvyMqRVZIcn,,,,,38.9517059326171875,-92.33409881591796875,anonymous,EN,Neither Agree or Disagree,Somewhat Agree,Agree,Strongly Disagree,0,0,453.938,0,Neither Agree or Disagree,Somewhat Agree,Agree,Disagree,No,No,"I thought that it was weird since I was just using resources to fill out a pizza chart. ",18,Male,Caucasian/White,Freshman,,,,,,,,,,,,,,,,,,,,,,,,,,,,,,,,
2019-10-24 12:59:32,2019-10-24 13:08:07,IP Address,128.206.42.217,100,515,True,2019-10-24 13:08:08,R_3fDna6tpNSvDOXi,,,,,38.9517059326171875,-92.33409881591796875,anonymous,EN,Agree,Agree,Neither Agree or Disagree,Strongly Agree,242.866,242.866,247.326,1,Agree,Agree,Neither Agree or Disagree,Strongly Agree,No,No,confused on how it realted to health care,18,Female,Caucasian/White,Freshman,,,,,,,,,,,,,,,,,,,,,,,,,,,,,,,,
2019-10-24 12:56:03,2019-10-24 13:10:22,IP Address,128.206.42.165,100,858,True,2019-10-24 13:10:22,R_1g8svL7jAdlDYec,,,,,38.9517059326171875,-92.33409881591796875,anonymous,EN,Neither Agree or Disagree,Somewhat Agree,Strongly Disagree,Neither Agree or Disagree,0,0,519.62,0,Neither Agree or Disagree,Somewhat Agree,Strongly Disagree,Somewhat Agree,No,No,It was fun. I didn't struggle because I only like 2 toppings on my pizza.,18,Female,African-American/Black,Freshman,,,,,,,,,,,,,,,,,,,,,,,,,,,,,,,,
2019-10-24 12:40:46,2019-10-24 13:10:51,IP Address,128.206.42.169,100,1804,True,2019-10-24 13:10:52,R_rdmTioLOi2C9uLL,,,,,38.9517059326171875,-92.33409881591796875,anonymous,EN,Agree,Agree,Disagree,Strongly Agree,,,,,,,,,,,,,,,,0,0,642.475,0,Agree,Agree,Disagree,Strongly Agree,Agree,No,No,There were few categories that I could upgrade to medium because I wanted to have basic coverage for as many as I could.,19,Female,Caucasian/White,Freshman,,,,,,,,,,,,,,,,
2019-10-29 11:04:24,2019-10-29 11:50:52,IP Address,128.206.42.214,100,2787,True,2019-10-29 11:50:53,R_3iPsPgGNxT2BmiH,,,,,38.9517059326171875,-92.33409881591796875,anonymous,EN,Somewhat Disagree,Neither Agree or Disagree,Somewhat Agree,Somewhat Disagree,,,,,,,,,,,,,,,,637.828,637.828,638.183,1,Neither Agree or Disagree,Somewhat Agree,Somewhat Agree,Neither Agree or Disagree,Agree,No,No,It's a good exercise to think about,19,Male,Caucasian/White,Sophmore,,,,,,,,,,,,,,,,
2019-10-31 10:56:42,2019-10-31 11:26:30,IP Address,128.206.42.165,100,1788,True,2019-10-31 11:26:30,R_27dQ5h3FoYZOTV7,,,,,38.9517059326171875,-92.33409881591796875,anonymous,EN,Neither Agree or Disagree,Neither Agree or Disagree,Neither Agree or Disagree,Neither Agree or Disagree,,,,,,,,,,,,,,,,,,,,,,,,,,,,,,,,0,0,461.761,0,Strongly Disagree,Somewhat Disagree,Neither Agree or Disagree,Somewhat Agree,Somewhat Disagree,No,No,it really showed me how well some people are along and how easy it is for some people.,18,Female,Caucasian/White,Freshman
2019-10-31 11:17:19,2019-10-31 11:27:35,IP Address,128.206.42.214,100,615,True,2019-10-31 11:27:35,R_3ptLZKMpu0dvbgt,,,,,38.9517059326171875,-92.33409881591796875,anonymous,EN,Agree,Strongly Agree,Strongly Disagree,Agree,,,,,,,,,,,,,,,,,,,,,,,,,,,,,,,,0,0,430.879,0,Agree,Agree,Strongly Disagree,Agree,Agree,No,No,it was informational,18,Female,Caucasian/White,Freshman
2019-10-31 11:13:09,2019-10-31 11:28:53,IP Address,128.206.42.169,100,944,True,2019-10-31 11:28:54,R_3gZTcm6hAgimORw,,,,,38.9517059326171875,-92.33409881591796875,anonymous,EN,Neither Agree or Disagree,Somewhat Agree,Disagree,Agree,,,,,,,,,,,,,,,,0,0,594.133,0,Neither Agree or Disagree,Somewhat Agree,Disagree,Agree,Agree,No,Yes,Showed me how much is involved with health insurance.,18,Male,Caucasian/White,Freshman,,,,,,,,,,,,,,,,
2019-10-31 11:30:28,2019-10-31 11:42:53,IP Address,128.206.42.169,100,745,True,2019-10-31 11:42:54,R_1pLR4RnPOIcWlFK,,,,,38.9517059326171875,-92.33409881591796875,anonymous,EN,Neither Agree or Disagree,Somewhat Agree,Somewhat Disagree,Somewhat Agree,,,,,,,,,,,,,,,,0,0,538.733,0,Somewhat Agree,Somewhat Agree,Somewhat Disagree,Somewhat Agree,Somewhat Agree,No,No,Im not to familiar with health care but the packet really helped,20,Male,Caucasian/White,Junior,,,,,,,,,,,,,,,,
2019-10-31 11:26:37,2019-10-31 11:43:16,IP Address,128.206.42.165,100,998,True,2019-10-31 11:43:16,R_3ff7WDWLFki4NcK,,,,,38.9517059326171875,-92.33409881591796875,anonymous,EN,Disagree,Somewhat Disagree,Somewhat Agree,Somewhat Agree,0,0,545.431,0,Disagree,Neither Agree or Disagree,Somewhat Agree,Somewhat Agree,Yes,No,It showed that you can get everything but it wont have the best quality/options,19,Male,Caucasian/White,Freshman,,,,,,,,,,,,,,,,,,,,,,,,,,,,,,,,
2019-10-31 11:30:14,2019-10-31 11:46:18,IP Address,128.206.42.214,100,964,True,2019-10-31 11:46:18,R_3Lin9fMFO8Z5PjZ,,,,,38.9517059326171875,-92.33409881591796875,anonymous,EN,Disagree,Neither Agree or Disagree,Strongly Agree,Somewhat Disagree,,,,,,,,,,,,,,,,,,,,,,,,,,,,,,,,0,0,516.836,0,Somewhat Disagree,Neither Agree or Disagree,Strongly Agree,Somewhat Disagree,Somewhat Agree,No,Yes,I think that it is difficult to explain my reasoning of why some are the way that they are.,19,Male,Caucasian/White,Freshman
2019-10-31 11:15:08,2019-10-31 12:11:32,IP Address,128.206.42.171,100,3383,True,2019-10-31 12:11:32,R_1LAMbfvmX7d1FgE,,,,,38.9517059326171875,-92.33409881591796875,anonymous,EN,Somewhat Agree,Somewhat Agree,Neither Agree or Disagree,Somewhat Disagree,0,0,441.039,0,Somewhat Agree,Somewhat Agree,Neither Agree or Disagree,Somewhat Agree,No,Yes,Seems irrelevant based on the questions asked prior,18,Male,Asian/Pacific Islander,Freshman,,,,,,,,,,,,,,,,,,,,,,,,,,,,,,,,
2019-10-31 11:14:06,2019-10-31 12:14:19,IP Address,128.206.42.193,100,3612,True,2019-10-31 12:14:19,R_3qJXEow6E28UT4F,,,,,38.9517059326171875,-92.33409881591796875,anonymous,EN,Neither Agree or Disagree,Somewhat Disagree,Neither Agree or Disagree,Somewhat Disagree,0,0,518.443,0,Neither Agree or Disagree,Somewhat Disagree,Neither Agree or Disagree,Somewhat Disagree,No,No,The Objective is confusing,18,Male,Caucasian/White,Freshman,,,,,,,,,,,,,,,,,,,,,,,,,,,,,,,,
2019-10-31 12:00:00,2019-10-31 12:16:03,IP Address,128.206.42.214,100,963,True,2019-10-31 12:16:03,R_6YA8b2jL1T1mWlz,,,,,38.9517059326171875,-92.33409881591796875,anonymous,EN,Agree,Strongly Agree,Disagree,Agree,,,,,,,,,,,,,,,,,,,,,,,,,,,,,,,,0,0,440.142,0,Agree,Strongly Agree,Disagree,Strongly Agree,Agree,No,No,"The exercise was enticing and allowed me to think about the various areas of health care coverage and how to look at them individually. There were some I felt provided too much coverage for people (the demand could not be met) and others which seemed to provide a perfect amount of coverage for everyone. Ultimately, it helped me think more about health care and understand the process of evaluating it better.",19,Male,Caucasian/White,Sophmore
2019-10-31 11:59:53,2019-10-31 12:19:35,IP Address,128.206.42.165,100,1182,True,2019-10-31 12:19:35,R_urCXf6yqNw3IZGN,,,,,38.9517059326171875,-92.33409881591796875,anonymous,EN,Agree,Agree,Strongly Disagree,Somewhat Agree,,,,,,,,,,,,,,,,0,0,751.539,0,Somewhat Agree,Agree,Disagree,Somewhat Agree,Agree,No,No,"I thought it was a politically targeted survey to gage the average college age persons views ",19,Male,Caucasian/White,Freshman,,,,,,,,,,,,,,,,
2019-10-31 11:59:45,2019-10-31 12:21:09,IP Address,128.206.42.169,100,1283,True,2019-10-31 12:21:09,R_2UhFHxjOXkIX7lz,,,,,38.9517059326171875,-92.33409881591796875,anonymous,EN,Agree,Strongly Agree,Strongly Disagree,Strongly Agree,,,,,,,,,,,,,,,,0,0,893.572,0,Neither Agree or Disagree,Strongly Agree,Strongly Disagree,Strongly Agree,Agree,No,No,I think that is a good representation and really made me think about what I would look for in a plan,19,Female,Caucasian/White,Freshman,,,,,,,,,,,,,,,,
2019-10-31 12:14:20,2019-10-31 12:24:25,IP Address,128.206.42.193,100,604,True,2019-10-31 12:24:25,R_2b48OgJ5veSJyxZ,,,,,38.9517059326171875,-92.33409881591796875,anonymous,EN,Neither Agree or Disagree,Agree,Strongly Agree,Neither Agree or Disagree,,,,,,,,,,,,,,,,,,,,,,,,,,,,,,,,0,0,314.403,0,Strongly Agree,Strongly Agree,Disagree,Neither Agree or Disagree,Strongly Agree,No,No,"My thought about the exercise I just completed made me feel as if people who are unable to pay for the medium or high plan end of health care aren't getting the needs that they need. I believe that men, women and children of all wealth or unwealthy should get the same exact health care that provides the best interest in everyone. ",18,Female,Caucasian/White,Freshman
2019-10-31 12:58:10,2019-10-31 13:06:52,IP Address,128.206.42.165,100,522,True,2019-10-31 13:06:52,R_1LdGPQjgXJX16eV,,,,,38.9517059326171875,-92.33409881591796875,anonymous,EN,Agree,Somewhat Agree,Neither Agree or Disagree,Somewhat Agree,0,0,347.638,0,Somewhat Agree,Somewhat Agree,Neither Agree or Disagree,Somewhat Agree,No,No,easy,18,Male,Caucasian/White,Freshman,,,,,,,,,,,,,,,,,,,,,,,,,,,,,,,,
2019-10-31 12:58:33,2019-10-31 13:15:01,IP Address,128.206.42.214,100,987,True,2019-10-31 13:15:01,R_vV3eOAn8OK6pL1f,,,,,38.9517059326171875,-92.33409881591796875,anonymous,EN,Neither Agree or Disagree,Somewhat Disagree,Somewhat Agree,Somewhat Agree,,,,,,,,,,,,,,,,0,0,602.953,0,Neither Agree or Disagree,Somewhat Disagree,Somewhat Agree,Somewhat Agree,Disagree,No,No,it is very difficult to create a plan that will satisfy all Americans,19,Female,Caucasian/White,Freshman,,,,,,,,,,,,,,,,
2019-11-05 11:34:17,2019-11-05 11:45:16,IP Address,128.206.42.166,100,659,True,2019-11-05 11:45:17,R_By5zXXFeF5n8x0d,,,,,38.9517059326171875,-92.33409881591796875,anonymous,EN,Agree,Agree,Agree,Agree,0,0,520.634,0,Agree,Agree,Agree,Agree,No,Yes,I don't really know how I feel about it.,20,Male,African-American/Black,Junior,,,,,,,,,,,,,,,,,,,,,,,,,,,,,,,,
2019-11-05 11:30:25,2019-11-05 11:45:21,IP Address,128.206.42.165,100,896,True,2019-11-05 11:45:21,R_21gHnqFQaLzHjfD,,,,,38.9517059326171875,-92.33409881591796875,anonymous,EN,Somewhat Disagree,Strongly Agree,Strongly Agree,Strongly Agree,,,,,,,,,,,,,,,,,,,,,,,,,,,,,,,,0,0,334.199,0,Somewhat Disagree,Strongly Agree,Strongly Disagree,Strongly Agree,Somewhat Agree,No,Yes,"It seemed that most basic needs would be met, but it could be greatly improved",21,Female,Caucasian/White,Junior
2019-11-05 11:30:08,2019-11-05 11:47:41,IP Address,128.206.42.193,100,1052,True,2019-11-05 11:47:41,R_3oyXzZJvAnaXdmp,,,,,38.9517059326171875,-92.33409881591796875,anonymous,EN,Neither Agree or Disagree,Somewhat Agree,Somewhat Disagree,Strongly Agree,,,,,,,,,,,,,,,,0,0,625.439,0,Neither Agree or Disagree,Somewhat Agree,Somewhat Disagree,Strongly Agree,Strongly Agree,No,No,"It was nice to pick out the parts of the plan. Some parts seemed unrealistic, i.e. doctors being far away or such long wait times.",19,Male,Caucasian/White,Sophmore,,,,,,,,,,,,,,,,
2019-11-05 11:30:35,2019-11-05 11:50:01,IP Address,128.206.42.214,100,1166,True,2019-11-05 11:50:01,R_2fczBLFs9efkfus,,,,,38.9517059326171875,-92.33409881591796875,anonymous,EN,Neither Agree or Disagree,Somewhat Agree,Somewhat Disagree,Agree,0,0,628.491,0,Neither Agree or Disagree,Somewhat Agree,Somewhat Disagree,Agree,No,No,"I think it was an interesting exercise to gather information about healthcare, seeing as the exercise was about being an owner of a pizza place.",18,Female,Caucasian/White,Freshman,,,,,,,,,,,,,,,,,,,,,,,,,,,,,,,,
2019-11-05 11:30:01,2019-11-05 12:00:34,IP Address,128.206.42.169,100,1833,True,2019-11-05 12:00:34,R_3fjBYNXsqoBfezN,,,,,38.9517059326171875,-92.33409881591796875,anonymous,EN,Agree,Strongly Agree,Somewhat Disagree,Agree,,,,,,,,,,,,,,,,,,,,,,,,,,,,,,,,0,0,477.752,0,Agree,Agree,Disagree,Somewhat Agree,Strongly Agree,No,Yes,"I think it was interesting to view how I would be cared for, but it makes me worried about how it will actually work and be paid for. ",19,Female,African-American/Black,Sophmore
2019-11-05 12:00:36,2019-11-05 12:07:41,IP Address,128.206.42.165,100,424,True,2019-11-05 12:07:41,R_9LTLLRYgIHAm1Oh,,,,,38.9517059326171875,-92.33409881591796875,anonymous,EN,Agree,Strongly Agree,Disagree,Strongly Agree,0,0,323.417,0,Agree,Strongly Agree,Disagree,Strongly Agree,No,No,I like it.,18,Female,Caucasian/White,Freshman,,,,,,,,,,,,,,,,,,,,,,,,,,,,,,,,
2019-11-05 11:59:55,2019-11-05 12:10:14,IP Address,128.206.42.214,100,618,True,2019-11-05 12:10:14,R_3PhvvWTM4V5yK08,,,,,38.9517059326171875,-92.33409881591796875,anonymous,EN,Somewhat Agree,Agree,Disagree,Agree,,,,,,,,,,,,,,,,,,,,,,,,,,,,,,,,0,0,418.892,0,Agree,Somewhat Agree,Strongly Disagree,Strongly Agree,Agree,No,No,It helped me understand the basic of health isunrance,18,Male,Caucasian/White,Freshman
2019-11-05 12:00:37,2019-11-05 12:11:23,IP Address,128.206.42.169,100,645,True,2019-11-05 12:11:23,R_23UnyUBYAvz1pyW,,,,,38.9517059326171875,-92.33409881591796875,anonymous,EN,Neither Agree or Disagree,Agree,Agree,Somewhat Agree,,,,,,,,,,,,,,,,0,0,532.147,0,Neither Agree or Disagree,Agree,Agree,Agree,Agree,No,No,it is very complex in the real world,18,Female,Caucasian/White,Freshman,,,,,,,,,,,,,,,,
2019-11-05 12:20:13,2019-11-05 12:28:13,IP Address,128.206.42.165,100,480,True,2019-11-05 12:28:14,R_2uBrHzMPhK01RIG,,,,,38.9517059326171875,-92.33409881591796875,anonymous,EN,Somewhat Agree,Agree,Neither Agree or Disagree,Somewhat Agree,,,,,,,,,,,,,,,,,,,,,,,,,,,,,,,,0,0,224.487,0,Agree,Agree,Somewhat Disagree,Somewhat Agree,Agree,No,No,"Interesting, I didn't know that there were many different levels to just one category of insurance.",18,Female,Caucasian/White,Freshman
2019-11-05 13:00:42,2019-11-05 13:11:25,IP Address,128.206.42.165,100,643,True,2019-11-05 13:11:25,R_33sCZYGRQ1l8Rja,,,,,38.9517059326171875,-92.33409881591796875,anonymous,EN,Somewhat Agree,Somewhat Agree,Neither Agree or Disagree,Somewhat Agree,0,0,440.569,0,Somewhat Agree,Somewhat Agree,Neither Agree or Disagree,Somewhat Agree,No,No,"I'm not too sure what to think, because all I did was fill out a menu for a pizza store. I can see how it relates to health insurance.",18,Female,Caucasian/White,Freshman,,,,,,,,,,,,,,,,,,,,,,,,,,,,,,,,
2019-11-05 13:00:53,2019-11-05 13:13:19,IP Address,128.206.42.214,100,745,True,2019-11-05 13:13:19,R_2ydqbaoEw6YF0lq,,,,,38.9517059326171875,-92.33409881591796875,anonymous,EN,Somewhat Agree,Somewhat Agree,Somewhat Agree,Agree,,,,,,,,,,,,,,,,0,0,612.383,0,Somewhat Agree,Somewhat Agree,Somewhat Agree,Agree,Agree,No,No,It was very helpful,18,Male,Caucasian/White,Freshman,,,,,,,,,,,,,,,,
2019-11-07 11:28:59,2019-11-07 11:42:51,IP Address,128.206.42.165,100,832,True,2019-11-07 11:42:51,R_246RtlHa5WEFSuF,,,,,38.9517059326171875,-92.33409881591796875,anonymous,EN,Neither Agree or Disagree,Somewhat Disagree,Somewhat Agree,Somewhat Agree,,,,,,,,,,,,,,,,,,,,,,,,,,,,,,,,0,0,367.423,0,Neither Agree or Disagree,Somewhat Disagree,Somewhat Agree,Somewhat Agree,Agree,No,No,I thought that the exercise was effective in making me evaluate the perks and downsides of different health care plans.,18,Male,Caucasian/White,Freshman
2019-11-07 11:29:37,2019-11-07 12:14:37,IP Address,128.206.42.214,100,2699,True,2019-11-07 12:14:37,R_3JC9Edk6muSi7eq,,,,,38.9517059326171875,-92.33409881591796875,anonymous,EN,Somewhat Agree,Strongly Agree,Strongly Disagree,Strongly Agree,,,,,,,,,,,,,,,,0,0,695.78,0,Agree,Strongly Agree,Strongly Disagree,Strongly Agree,Strongly Agree,No,No,I thought it was cool to come up with a plan for all people,18,Female,African-American/Black,Freshman,,,,,,,,,,,,,,,,
2019-11-07 12:00:44,2019-11-07 13:04:05,IP Address,128.206.42.165,100,3801,True,2019-11-07 13:04:05,R_1KqbLJl3mTALqe3,,,,,38.9517059326171875,-92.33409881591796875,anonymous,EN,Neither Agree or Disagree,Neither Agree or Disagree,Somewhat Disagree,Strongly Agree,588.203,588.203,588.951,1,Neither Agree or Disagree,Agree,Somewhat Disagree,Strongly Agree,No,No,confused on how it has to do with health care,19,Female,Caucasian/White,Freshman,,,,,,,,,,,,,,,,,,,,,,,,,,,,,,,,
2019-11-07 13:04:07,2019-11-07 13:11:23,IP Address,128.206.42.165,100,435,True,2019-11-07 13:11:24,R_3G87Nmac3KBAj09,,,,,38.9517059326171875,-92.33409881591796875,anonymous,EN,Strongly Disagree,Disagree,Disagree,Strongly Disagree,7.109,7.948,211.985,2,Strongly Disagree,Disagree,Disagree,Strongly Disagree,No,No,I don't care.,18,Male,Caucasian/White,Freshman,,,,,,,,,,,,,,,,,,,,,,,,,,,,,,,,
2019-11-07 13:04:04,2019-11-07 13:11:43,IP Address,128.206.42.169,100,459,True,2019-11-07 13:11:43,R_2Vax2e6OZ9QmZnd,,,,,38.9517059326171875,-92.33409881591796875,anonymous,EN,Somewhat Disagree,Strongly Agree,Strongly Disagree,Strongly Agree,,,,,,,,,,,,,,,,0,0,354.943,0,Somewhat Disagree,Strongly Agree,Strongly Disagree,Strongly Agree,Agree,No,Yes,We need better healthcare in this country.,20,Female,Caucasian/White,Junior,,,,,,,,,,,,,,,,
2019-11-07 13:03:52,2019-11-07 13:16:42,IP Address,128.206.42.214,100,770,True,2019-11-07 13:16:42,R_3TNWe0R1lwhgraV,,,,,38.9517059326171875,-92.33409881591796875,anonymous,EN,Neither Agree or Disagree,Neither Agree or Disagree,Neither Agree or Disagree,Neither Agree or Disagree,,,,,,,,,,,,,,,,,,,,,,,,,,,,,,,,367.643,367.643,368.558,1,Neither Agree or Disagree,Neither Agree or Disagree,Neither Agree or Disagree,Somewhat Agree,Agree,No,No,"My lack of understanding with certain health care aspects, such as the 2013 Affordable Health Care Act, prohibited a more adequate answer. Although, I feel reading the packet with dots gave me a basic understanding of concepts health care may offer. ",19,Male,Caucasian/White,Freshman
2019-11-11 10:56:12,2019-11-11 11:17:57,IP Address,128.206.42.214,100,1304,True,2019-11-11 11:17:57,R_ToY17lurmka10SR,,,,,38.9517059326171875,-92.33409881591796875,anonymous,EN,Agree,Somewhat Disagree,Somewhat Agree,Somewhat Disagree,0,0,446.99,0,Agree,Somewhat Agree,Somewhat Agree,Somewhat Disagree,No,No,"I don't know if I was supposed to answer the second round of questions the same as the first, but while I was filling in the pizza, I thought about my feelings towards universal health care and my opinion changed",18,Female,Caucasian/White,Freshman,,,,,,,,,,,,,,,,,,,,,,,,,,,,,,,,
2019-11-11 11:28:42,2019-11-11 12:18:30,IP Address,128.206.42.214,100,2988,True,2019-11-11 12:18:31,R_3rSoWq3uYUSmt4D,,,,,38.9517059326171875,-92.33409881591796875,anonymous,EN,Somewhat Agree,Somewhat Agree,Neither Agree or Disagree,Disagree,,,,,,,,,,,,,,,,,,,,,,,,,,,,,,,,700.314,710.442,715.012,2,Somewhat Agree,Somewhat Disagree,Disagree,Strongly Disagree,Somewhat Agree,No,No,"I enjoyed it. It taught me what health care covers. ",19,Male,Caucasian/White,Freshman
2019-11-11 12:24:37,2019-11-11 12:32:03,IP Address,128.206.42.214,100,446,True,2019-11-11 12:32:03,R_bkkJQIygBP5SNS9,,,,,38.9517059326171875,-92.33409881591796875,anonymous,EN,Neither Agree or Disagree,Agree,Somewhat Agree,Neither Agree or Disagree,270.876,270.876,271.248,1,Agree,Agree,Somewhat Agree,Agree,No,No,I want pizza now,18,Female,Caucasian/White,Freshman,,,,,,,,,,,,,,,,,,,,,,,,,,,,,,,,
2019-11-11 13:59:59,2019-11-12 10:16:16,IP Address,128.206.42.214,100,72977,True,2019-11-12 10:16:16,R_3RyEEmdbTWC7dWB,,,,,38.9517059326171875,-92.33409881591796875,anonymous,EN,Agree,Somewhat Agree,Disagree,Disagree,,,,,,,,,,,,,,,,0,0,359.976,0,Agree,Agree,Disagree,Disagree,Somewhat Agree,No,No,wish that I could've had enough bubbles for mental health,20,Male,Caucasian/White,Sophmore,,,,,,,,,,,,,,,,
2019-11-12 10:16:21,2019-11-12 12:08:19,IP Address,128.206.42.214,100,6718,True,2019-11-12 12:08:20,R_cxbWERD8wZi5Bmx,,,,,38.9517059326171875,-92.33409881591796875,anonymous,EN,Neither Agree or Disagree,Somewhat Agree,Neither Agree or Disagree,Somewhat Agree,,,,,,,,,,,,,,,,,,,,,,,,,,,,,,,,0,0,514.294,0,Somewhat Agree,Somewhat Agree,Neither Agree or Disagree,Somewhat Agree,Somewhat Disagree,No,No,"I was slightly confused because I don't have experience with paying for my own health care, but I think the health care plan that I just read describes an average person in the US. ",19,Female,Caucasian/White,Freshman
2019-11-11 10:56:38,2019-11-12 12:09:26,IP Address,128.206.42.165,100,90767,True,2019-11-12 12:09:26,R_2fHGE3IobE3MgYI,,,,,38.9517059326171875,-92.33409881591796875,anonymous,EN,Agree,Strongly Agree,Strongly Disagree,Strongly Agree,0,0,501.65,0,Agree,Strongly Agree,Strongly Disagree,Strongly Agree,Yes,Yes,i can see the ties between healthcare reform and pizza reform,18,Female,Caucasian/White,Freshman,,,,,,,,,,,,,,,,,,,,,,,,,,,,,,,,
2019-11-12 12:30:39,2019-11-12 12:40:31,IP Address,128.206.42.214,100,591,True,2019-11-12 12:40:31,R_BP5oSgFsz8hk24N,,,,,38.9517059326171875,-92.33409881591796875,anonymous,EN,Neither Agree or Disagree,Agree,Strongly Disagree,Strongly Agree,,,,,,,,,,,,,,,,,,,,,,,,,,,,,,,,0,0,356.02,0,Neither Agree or Disagree,Neither Agree or Disagree,Disagree,Agree,Agree,No,Yes,pegs were confusing,18,Male,Caucasian/White,Freshman
2019-11-12 13:04:44,2019-11-12 13:18:50,IP Address,128.206.42.214,100,846,True,2019-11-12 13:18:50,R_1dcY2JT9UuuWLSn,,,,,38.9517059326171875,-92.33409881591796875,anonymous,EN,Somewhat Agree,Somewhat Agree,Disagree,Agree,,,,,,,,,,,,,,,,0,0,635.278,0,Agree,Agree,Disagree,Agree,Agree,No,Yes,"I think that it was a good way to think about how much health care costs, and makes you think about things you need rather than want.",18,Female,Caucasian/White,Freshman,,,,,,,,,,,,,,,,
2019-11-13 10:25:25,2019-11-13 11:06:53,IP Address,128.206.42.214,100,2488,True,2019-11-13 11:06:55,R_AhRYRbc8Rn9obRL,,,,,38.9517059326171875,-92.33409881591796875,anonymous,EN,Agree,Strongly Agree,Strongly Disagree,Strongly Agree,0,0,390.789,0,Agree,Agree,Disagree,Strongly Agree,No,No,It was interesting,18,Female,Caucasian/White,Freshman,,,,,,,,,,,,,,,,,,,,,,,,,,,,,,,,
2019-11-13 10:24:59,2019-11-13 11:08:54,IP Address,128.206.42.165,100,2634,True,2019-11-13 11:08:55,R_25GVBQBTjE3vULK,,,,,38.9517059326171875,-92.33409881591796875,anonymous,EN,Neither Agree or Disagree,Strongly Agree,Disagree,Strongly Agree,,,,,,,,,,,,,,,,,,,,,,,,,,,,,,,,42.108,42.108,230.451,1,Agree,Agree,Strongly Disagree,Strongly Agree,Agree,No,No,Makes me see an alternative perspective but I still agree with my own answers,19,Male,Caucasian/White,Freshman
2019-11-13 11:09:42,2019-11-13 11:26:55,IP Address,128.206.42.214,100,1032,True,2019-11-13 11:26:55,R_3PAzDmOzyBbN6HF,,,,,38.9517059326171875,-92.33409881591796875,anonymous,EN,Agree,Strongly Agree,Disagree,Agree,,,,,,,,,,,,,,,,0,0,505.536,0,Agree,Strongly Agree,Disagree,Strongly Agree,Agree,No,No,It was very interesting and I thought that the concept was very interesting,19,Female,Caucasian/White,Freshman,,,,,,,,,,,,,,,,
2019-11-13 10:26:17,2019-11-13 11:32:33,IP Address,128.206.42.193,100,3975,True,2019-11-13 11:32:33,R_3OfuNL5GWicdFdY,,,,,38.9517059326171875,-92.33409881591796875,anonymous,EN,Disagree,Agree,Somewhat Disagree,Somewhat Agree,,,,,,,,,,,,,,,,,,,,,,,,,,,,,,,,0,0,292.913,0,Somewhat Agree,Somewhat Agree,Somewhat Agree,Somewhat Agree,Agree,No,No,"it was cool to look at a health plan because i've never looked at one before ",18,Female,Caucasian/White,Freshman
2019-11-13 10:18:27,2019-11-13 11:38:30,IP Address,128.206.42.169,100,4802,True,2019-11-13 11:38:30,R_1mJkNnjYzevNGEE,,,,,38.9517059326171875,-92.33409881591796875,anonymous,EN,Agree,Strongly Agree,Neither Agree or Disagree,Somewhat Agree,,,,,,,,,,,,,,,,0,0,704.548,0,Agree,Agree,Neither Agree or Disagree,Somewhat Agree,Somewhat Agree,No,No,it was very hard to decide what got cut,19,Male,"Caucasian/White,Asian/Pacific Islander",Sophmore,,,,,,,,,,,,,,,,
2019-11-13 11:09:36,2019-11-13 11:41:54,IP Address,128.206.42.165,100,1938,True,2019-11-13 11:41:55,R_2tMf8Ar4SvaPuvt,,,,,38.9517059326171875,-92.33409881591796875,anonymous,EN,Strongly Disagree,Strongly Disagree,Strongly Agree,Somewhat Disagree,814.058,814.058,815.385,1,Strongly Disagree,Strongly Disagree,Strongly Agree,Disagree,No,No,It made me hungry,19,Male,Caucasian/White,Freshman,,,,,,,,,,,,,,,,,,,,,,,,,,,,,,,,
2019-11-13 11:52:37,2019-11-13 12:06:50,IP Address,128.206.42.214,100,852,True,2019-11-13 12:06:51,R_1DSTLDYBfNFG0W0,,,,,38.9517059326171875,-92.33409881591796875,anonymous,EN,Strongly Agree,Strongly Agree,Strongly Disagree,Strongly Agree,,,,,,,,,,,,,,,,,,,,,,,,,,,,,,,,0,0,471.662,0,Strongly Agree,Strongly Agree,Strongly Disagree,Strongly Agree,Strongly Agree,No,No,"If I were given the packet with only the dots, I wouldn't understand the plan whatsoever. It's practically useless. ",19,Male,Caucasian/White,Freshman
2019-11-13 12:56:28,2019-11-13 13:10:20,IP Address,128.206.42.214,100,831,True,2019-11-13 13:10:20,R_3iPUPdpWISLxKwD,,,,,38.9517059326171875,-92.33409881591796875,anonymous,EN,Somewhat Agree,Agree,Disagree,Agree,0,0,491.777,0,Somewhat Agree,Agree,Somewhat Disagree,Agree,No,No,"It made me think about what was more important to me, expensive, good quality items or a wider variety of cheep items. It also made me hungry for some good pizza I made a yummy one. ",19,Female,Caucasian/White,Freshman,,,,,,,,,,,,,,,,,,,,,,,,,,,,,,,,
2019-11-13 13:31:57,2019-11-13 13:47:04,IP Address,128.206.42.214,100,906,True,2019-11-13 13:47:04,R_2CoXRCOgzzSAKQ9,,,,,38.9517059326171875,-92.33409881591796875,anonymous,EN,Neither Agree or Disagree,Agree,Disagree,Agree,,,,,,,,,,,,,,,,0,0,697.163,0,Neither Agree or Disagree,Somewhat Agree,Disagree,Somewhat Agree,Neither Agree or Disagree,No,No,"I realized it is a lot harder to come up with a plan than I thought. ",18,Female,Caucasian/White,Freshman,,,,,,,,,,,,,,,,
2019-11-14 11:33:37,2019-11-14 11:42:20,IP Address,128.206.42.214,100,522,True,2019-11-14 11:42:20,R_1rjfkDcDxy5VQmv,,,,,38.9517059326171875,-92.33409881591796875,anonymous,EN,Neither Agree or Disagree,Neither Agree or Disagree,Neither Agree or Disagree,Agree,0,0,350.531,0,Somewhat Agree,Somewhat Agree,Somewhat Agree,Somewhat Agree,No,Yes,it was easy,18,Female,Caucasian/White,Freshman,,,,,,,,,,,,,,,,,,,,,,,,,,,,,,,,
2019-11-14 11:33:44,2019-11-14 11:43:24,IP Address,128.206.42.165,100,579,True,2019-11-14 11:43:24,R_ZgXjJVHe4BmyBWh,,,,,38.9517059326171875,-92.33409881591796875,anonymous,EN,Somewhat Agree,Somewhat Agree,Neither Agree or Disagree,Agree,,,,,,,,,,,,,,,,0,0,440.455,0,Agree,Somewhat Agree,Neither Agree or Disagree,Somewhat Agree,Agree,No,Yes,I think it is a good excersize to get people thinking about what kind of insurance benefits they want when they're older.,19,Female,Caucasian/White,Freshman,,,,,,,,,,,,,,,,
2019-11-14 11:58:35,2019-11-14 12:11:51,IP Address,128.206.42.165,100,796,True,2019-11-14 12:11:52,R_1K3kkNVQgdawL2I,,,,,38.9517059326171875,-92.33409881591796875,anonymous,EN,Somewhat Agree,Strongly Agree,Strongly Disagree,Strongly Agree,,,,,,,,,,,,,,,,,,,,,,,,,,,,,,,,0,0,547.784,0,Somewhat Disagree,Strongly Agree,Strongly Disagree,Strongly Agree,Somewhat Disagree,No,No,"There were some basic needs that were not covered, I think it would be difficult to live with this health care plan.",18,Female,Caucasian/White,Freshman
2019-11-14 11:58:08,2019-11-14 12:12:16,IP Address,128.206.42.214,100,847,True,2019-11-14 12:12:16,R_6AaPtFJiTe6fLUJ,,,,,38.9517059326171875,-92.33409881591796875,anonymous,EN,Agree,Somewhat Agree,Somewhat Agree,Somewhat Agree,20.159,20.159,590.099,1,Agree,Somewhat Agree,Somewhat Agree,Agree,No,No,interesting,20,Male,Caucasian/White,Sophmore,,,,,,,,,,,,,,,,,,,,,,,,,,,,,,,,
2019-11-14 11:55:48,2019-11-14 12:14:14,IP Address,128.206.42.169,100,1105,True,2019-11-14 12:14:14,R_2xDeqPuM4hWbvde,,,,,38.9517059326171875,-92.33409881591796875,anonymous,EN,Somewhat Agree,Disagree,Neither Agree or Disagree,Disagree,,,,,,,,,,,,,,,,,,,,,,,,,,,,,,,,0,0,488.113,0,Neither Agree or Disagree,Disagree,Neither Agree or Disagree,Disagree,Disagree,Yes,No,i think that the excersie i just completed was a good way to inform people about what it would be like with UHC.,18,Male,Caucasian/White,Freshman
2019-11-14 11:56:37,2019-11-14 12:14:40,IP Address,128.206.42.193,100,1082,True,2019-11-14 12:14:41,R_1Nm4phy7uj6P8Fw,,,,,38.9517059326171875,-92.33409881591796875,anonymous,EN,Neither Agree or Disagree,Somewhat Agree,Disagree,Strongly Agree,,,,,,,,,,,,,,,,0,0,91.038,0,Neither Agree or Disagree,Agree,Disagree,Strongly Agree,Agree,No,No,It was a good way of seeing all the things health care can cover.,18,Male,Caucasian/White,Freshman,,,,,,,,,,,,,,,,
2019-11-14 12:02:03,2019-11-14 12:14:55,IP Address,128.206.42.166,100,771,True,2019-11-14 12:14:56,R_2ePQdhzOW2MzMfZ,,,,,38.9517059326171875,-92.33409881591796875,anonymous,EN,Neither Agree or Disagree,Agree,Disagree,Somewhat Agree,,,,,,,,,,,,,,,,,,,,,,,,,,,,,,,,0,0,460.244,0,Neither Agree or Disagree,Agree,Disagree,Somewhat Agree,Agree,No,Yes,I feel like it would be a viable solution,18,Male,Caucasian/White,Freshman
2019-11-20 10:56:30,2019-11-20 12:06:11,IP Address,128.206.42.214,100,4181,True,2019-11-20 12:06:12,R_ZwnDJk3QTGbdoC5,,,,,38.9517059326171875,-92.33409881591796875,anonymous,EN,Strongly Agree,Strongly Agree,Strongly Disagree,Agree,0,0,161.549,0,Strongly Agree,Strongly Agree,Strongly Disagree,Agree,No,No,seemed simple,20,Female,Caucasian/White,Sophmore,,,,,,,,,,,,,,,,,,,,,,,,,,,,,,,,
2019-11-20 13:00:57,2019-11-20 13:15:02,IP Address,128.206.42.214,100,845,True,2019-11-20 13:15:03,R_vIeIJTQQE9pSr97,,,,,38.9517059326171875,-92.33409881591796875,anonymous,EN,Neither Agree or Disagree,Neither Agree or Disagree,Neither Agree or Disagree,Neither Agree or Disagree,,,,,,,,,,,,,,,,0,0,668.141,0,Neither Agree or Disagree,Neither Agree or Disagree,Neither Agree or Disagree,Agree,Somewhat Agree,No,No,It gave me a different insight on health care.,18,Male,African-American/Black,Freshman,,,,,,,,,,,,,,,,
2019-11-21 11:52:55,2019-11-21 12:04:59,IP Address,128.206.42.214,100,724,True,2019-11-21 12:04:59,R_12nWlZpge8nGwNZ,,,,,38.9517059326171875,-92.33409881591796875,anonymous,EN,Neither Agree or Disagree,Somewhat Agree,Somewhat Disagree,Somewhat Agree,,,,,,,,,,,,,,,,,,,,,,,,,,,,,,,,339.041,339.041,340.02,1,Neither Agree or Disagree,Somewhat Agree,Somewhat Disagree,Somewhat Agree,Somewhat Disagree,No,Yes,Made me realize I am lucky to have health insurance.,18,Female,African-American/Black,Freshman
2019-12-05 11:34:41,2019-12-05 11:49:31,IP Address,128.206.42.165,100,889,True,2019-12-05 11:49:32,R_1d6tmxkmlHZ9TSB,,,,,38.9492950439453125,-92.333099365234375,anonymous,EN,Agree,Agree,Somewhat Disagree,Strongly Agree,,,,,,,,,,,,,,,,0,0,712.161,0,Agree,Agree,Disagree,Agree,Agree,No,No,I think that is was a good exercise to see what kind of benefits you would want and think about what benefits other people should have also,19,Female,Caucasian/White,Freshman,,,,,,,,,,,,,,,,
