"","Pre_P1","Pre_P2","Pre_P3","Pre_P4","Pre_Med_P5","Pre_Med_P6","Pre_Med_P7","Post_Int_1_10","Post_Int_2_1","Post_Int_3_1","Post_Int_4_1","Post_Int_Med_A_1","Post_Int_Med_B_1_1","Post_Int_Med_B_2_1","Post_Int_Accept_1","Insurance_Int_1","Insurance_Int_2","Free_Response_Int","Age_Int","Gender_Int","Race_Int","School_Year_Int","Post_Ctrl_1_10","Post_Ctrl_2_10","Post_Ctrl_3_10","Post_Ctrl_4_10","Post_Ctrl_Med_A_10","Post_Ctrl_Med_B_1_10","Post_Ctrl_Med_B_2_10","Insurance_Ctrl_1","Insurance_Ctrl_2","Free_Response_Ctrl","Age_Ctrl","Gender_Ctrl","Race_Ctrl","School_Year_Ctrl","Subject","SNS_score","RNS_score"
"10","85","95","40","50","50","10","10","","","","","","","","","","","","","","","","85","95","10","50","50","9","10","2","2","I do not really understand insurance. I feel like it is incredibly convoluted and it seems like an incredibly predatory industry.","22","1","1","4",7,NA,NA
"11","46","67","40","50","0","0","0","40","21","31","60","0","0","81","50","2","2","It was very insightful to learn more about healthcare and insurance ","19","2","1","2","","","","","","","","","","","","","","",8,NA,NA
"12","59","87","1","87","27","7","7","","","","","","","","","","","","","","","","67","90","1","87","67","30","30","2","2","Interesting that my answers changed. I would be interested in seeing someone against Universal Health Care make a study, too.","18","3","1","1",9,NA,NA
"13","55","80","30","30","50","44","33","50","75","30","45","30","70","75","80","2","1","It was very straightforward and enlightening. ","18","2","1","1","","","","","","","","","","","","","","",10,NA,NA
"14","80","100","0","100","100","80","81","","","","","","","","","","","","","","","","100","100","0","100","100","100","100","1","2","Informative","39","1","1","3",11,NA,NA
"15","85","100","25","100","100","10","10","100","100","15","100","100","15","100","70","2","2","It was fine, kinda interesting opened my eyes to the ammount of insurance that I will need ","18","1","1","1","","","","","","","","","","","","","","",12,NA,NA
"16","100","100","0","100","49","0","0","","","","","","","","","","","","","","","","100","100","0","100","100","41","27","2","2","It helped me understand more about UHC","18","2","1,3","1",13,NA,NA
"17","65","90","10","70","50","20","30","70","90","10","86","50","10","78","90","2","2","I feel very privileged, and feel like I need to do research on our universal healthcare system to see if its fair in my eyes.","18","2","1","1","","","","","","","","","","","","","","",14,NA,NA
"18","50","25","75","75","40","40","40","","","","","","","","","","","","","","","","50","61","61","51","19","24","25","2","2","After looking at the facts about healthcare, it makes you question what you previously thought.","20","1","1","2",15,NA,NA
"19","55","70","60","80","20","10","10","50","70","70","80","20","10","70","50","2","2","I think everyone should have a right to be healthy however it does suck that other people have to pay for it from there own money they make :( Also the government sucks at most things they do I wouldnt trust my healthcare with them...","21","1","1","4","","","","","","","","","","","","","","",16,NA,NA
"20","100","100","1","100","65","58","45","100","100","1","99","25","5","100","100","2","1","You can't have everything that you want","20","2","1","3","","","","","","","","","","","","","","",17,NA,NA
"21","24","51","51","4","76","51","24","","","","","","","","","","","","","","","","30","62","10","19","31","10","23","2","2","Most of ym thoughts did not change throughout the exercise ","18","2","1","1",18,NA,NA
"22","71","91","41","71","50","20","20","71","82","51","81","50","20","71","82","2","2","I thought it was informative in telling you what goes into healthcare and how you cannot cover everything.","18","2","3","1","","","","","","","","","","","","","","",19,NA,NA
"23","75","90","1","100","87","71","71","","","","","","","","","","","","","","","","90","91","1","100","100","91","92","2","2","Before beginning the exercise, I strongly supported UHC and this exercise just strengthened that belief.","18","1","1","1",20,NA,NA
"24","30","35","80","10","30","50","50","30","19","75","40","50","50","19","61","2","2","I think this is a great way to get people to understand what goes into the government paying for medical bills. ","18","2","1","1","","","","","","","","","","","","","","",21,NA,NA
"25","42","65","31","54","35","20","22","","","","","","","","","","","","","","","","47","35","30","40","49","22","16","2","2","Interesting ","18","2","1","1",22,NA,NA
"26","50","75","40","60","60","20","20","60","80","10","75","60","50","75","65","2","2","Some categories were easy to prioritize, but others were harder based on how it could help our society as a whole.","18","2","3","1","","","","","","","","","","","","","","",23,NA,NA
"27","93","94","3","100","77","62","63","85","92","2","100","85","56","99","84","2","2","It was difficult to figure out what was most important in a plan.","20","2","1","1","","","","","","","","","","","","","","",24,NA,NA
"28","85","90","10","100","25","25","30","85","85","9","100","39","18","92","66","2","2","I think it made me realize the amount of things that go into a health care plan and that it's hard to put everything you need into a single healthcare plan.","18","2","1","1","","","","","","","","","","","","","","",25,NA,NA
"29","70","71","19","91","31","40","8","","","","","","","","","","","","","","","","70","50","12","49","25","74","36","2","2","Very controversial questions but good idea to see what a lot of people think","18","2","1","1",26,NA,NA
"30","38","35","52","75","50","80","75","","","","","","","","","","","","","","","","23","34","35","69","52","79","71","2","2","I understand the issue, but there may be some better ways to go about it ","18","2","1","1",27,NA,NA
"31","90","90","5","100","90","100","90","90","95","2","100","95","80","92","95","2","2","Healthcare is an essential service and the medical advances that we have are a blessing that should be shared. ","18","2","1","1","","","","","","","","","","","","","","",28,NA,NA
"32","30","60","40","80","20","20","20","40","60","40","80","40","20","40","50","2","2","Fairly interesting in completing the tables, and opened my mind a little more","18","1","1","1","","","","","","","","","","","","","","",29,NA,NA
"33","50","100","0","100","51","50","50","50","100","0","100","52","49","50","70","1","2","it makes me think about something I really don't  think about much often.","18","2","5","1","","","","","","","","","","","","","","",30,NA,NA
"34","55","56","46","66","40","61","61","69","61","51","71","78","74","51","80","2","2","I realized the importance of having health care and how controversial the health care system is set up now. ","18","2","1","1","","","","","","","","","","","","","","",31,NA,NA
"35","61","50","51","68","41","44","45","","","","","","","","","","","","","","","","51","68","39","62","68","51","44","2","2","N/A","18","2","3","1",32,NA,NA
"36","65","70","30","77","61","46","51","","","","","","","","","","","","","","","","75","77","2","71","67","56","61","2","2","Great questions, really makes us think about healthcare in a way we might not have before. ","18","2","1","1",33,NA,NA
"37","66","71","62","82","20","9","8","57","71","69","81","8","4","76","50","1","1","universal healthcare isn't that straight forward","19","2","1","2","","","","","","","","","","","","","","",34,NA,NA
"38","50","81","10","100","20","10","10","","","","","","","","","","","","","","","","50","90","10","100","9","8","10","2","1","The graphics were a great informational pieces to read and learn new information from. ","20","2","3","3",35,NA,NA
"39","70","65","20","70","35","40","40","76","71","0","88","50","51","92","94","1","2","I thought it was very interesting.","24","1","1","5","","","","","","","","","","","","","","",36,NA,NA
"40","46","65","50","49","50","35","27","","","","","","","","","","","","","","","","51","50","50","50","51","49","48","2","2","very interesting ","19","2","1","2",37,NA,NA
"41","100","87","20","100","51","46","46","","","","","","","","","","","","","","","","61","100","43","100","33","37","41","2","2","Although I know health care is not fairly accessable to everyone, the statistics are quite an eye opener. ","18","1","1,3","1",38,NA,NA
"42","70","60","40","70","70","30","40","50","70","40","60","60","40","40","70","2","2","It helped me realize what goes into healthcare","19","1","1","2","","","","","","","","","","","","","","",39,NA,NA
"43","80","93","15","95","86","81","81","","","","","","","","","","","","","","","","76","93","10","96","98","94","92","2","2","Made me realize more people than I thought don’t have access to healthcare and it is very unfair.","18","2","1,4","1",40,NA,NA
"44","50","40","50","40","30","40","50","50","40","50","40","40","50","40","30","2","1","It was good as I got to explore about universal health care","18","1","1","1","","","","","","","","","","","","","","",41,NA,NA
"45","70","90","5","75","60","20","20","80","92","5","80","70","20","92","95","2","2","It wasn't as difficult of a choice as I was expecting","18","2","1","1","","","","","","","","","","","","","","",42,NA,NA
"46","30","70","50","65","70","20","40","","","","","","","","","","","","","","","","35","60","45","75","60","30","50","2","1","I think that ideally, every human being would be able to have great healthcare coverage. However, coming from a family that exploited the benefits of the 2013 Affordable Healthcare Act, I feel as though there has not been a way in which UHC has been implemented to where it will not cause many families, like mine, to handicap themselves and to remain unemployed. I completely believe that UHC is the best option morally, but in reality I feel that there has not been a way to where it will work to better America or a lot of its people in the way it sounds that it would.","18","1","1","1",43,NA,NA
"47","60","91","16","90","44","27","19","55","88","16","93","33","20","87","90","2","1","I wish that I could sign up for insurance and etc. as straight forward as this.","18","1","1","1","","","","","","","","","","","","","","",44,NA,NA
"48","69","67","46","50","32","68","81","","","","","","","","","","","","","","","","79","67","63","70","61","76","70","1","2","useful","22","2","3,6","4",45,NA,NA
"49","100","100","0","100","100","100","100","100","100","0","100","100","100","100","100","2","1","Universal Health Care is vital to our society","18","2","2","1","","","","","","","","","","","","","","",46,NA,NA
"50","3","58","75","100","100","89","100","3","55","66","100","100","100","83","49","2","2","Pretty well thought questions","18","2","1","1","","","","","","","","","","","","","","",47,NA,NA
"51","93","97","5","60","31","12","12","","","","","","","","","","","","","","","","95","94","5","84","89","97","97","2","2","I think that it is very important for everyone to have medical/health insurance. I think that more people need to be educated on the subject before they make their opinions. ","18","2","2","1",48,NA,NA
"52","78","93","30","100","11","50","25","80","70","81","100","48","30","100","92","2","2","This opened up my perspective on health care.","18","1","3,5","1","","","","","","","","","","","","","","",49,NA,NA
"53","82","100","2","93","50","50","54","53","98","1","91","25","4","86","40","2","2","it was much more difficult than I thought it was going to be; I had to compromise points in some places to be able to get at least basic coverage in other areas","19","2","1","2","","","","","","","","","","","","","","",50,NA,NA
"55","20","20","100","70","50","10","40","","","","","","","","","","","","","","","","20","20","100","80","70","20","40","2","2","I felt that this exercise was very politically motivated. I felt that each question was leaning towards either side of the political spectrum. My answers didn't change much after reading the facts that were given.","19","2","1","2",51,NA,NA
"56","61","100","1","100","91","72","81","","","","","","","","","","","","","","","","70","100","1","100","86","88","91","2","2","I think it was a good source of information for people who did not already know what was in the exercise, but I knew a lot of it already","18","1","1","1",52,NA,NA
"57","50","69","59","80","70","50","51","60","71","51","75","60","51","71","50","2","2","It was extremely hard to not choose high for every option because it really does seem like the morally right option.","18","2","1","1","","","","","","","","","","","","","","",53,NA,NA
"58","75","100","0","100","100","50","75","60","100","0","100","100","50","100","90","2","1","This gave me a new perspective on how insurance policies are implemented.","19","2","1","2","","","","","","","","","","","","","","",54,NA,NA
"59","70","94","10","91","83","62","50","","","","","","","","","","","","","","","","87","100","7","90","92","83","81","2","1","Very educational and help my understanding on how the UHC actually works and it could be a possibility","18","2","1","1",55,NA,NA
"60","73","96","15","100","95","35","38","77","98","16","100","98","12","97","80","1","2","enjoyed it, overall I believe that there should be Universal Health Care, but I did not realize how complicated it was. This exercise showed me how complicated it will be if the US decides to go through with something like this.","20","1","1","3","","","","","","","","","","","","","","",56,NA,NA
"61","100","100","1","100","100","70","70","","","","","","","","","","","","","","","","100","100","1","100","100","100","100","2","2","I think it's an easier way to understand Universal Healthcare and how everyone deserves healthcare no matter their socioeconomic status.","20","2","2","3",57,NA,NA
"67","50","82","41","55","52","44","60","49","51","49","50","50","49","52","48","2","2","I thought it was very interesting and i really enjoyed it","20","2","1","3","","","","","","","","","","","","","","",58,NA,NA
"68","34","95","50","100","5","5","5","","","","","","","","","","","","","","","","80","100","50","80","10","20","20","2","2","informative ","19","2","1","1",59,NA,NA
"69","47","91","79","90","49","47","42","35","82","45","90","52","47","88","89","2","1","I think it was very informational.","18","2","2","1","","","","","","","","","","","","","","",60,NA,NA
"70","50","80","20","60","40","30","20","","","","","","","","","","","","","","","","50","75","30","71","51","30","30","2","2","The exercise made me think about our healthcare system in a different light.","18","2","1","1",61,NA,NA
"71","51","25","62","40","23","47","12","","","","","","","","","","","","","","","","70","77","36","69","66","49","52","2","2","I learned some new information","19","1","1","1",62,NA,NA
"72","55","73","40","87","63","50","51","81","71","40","91","50","61","71","30","2","2","I never realized how expensive all of the insurances added up was.  ","18","2","1","1","","","","","","","","","","","","","","",63,NA,NA
"73","60","100","2","100","81","29","30","","","","","","","","","","","","","","","","91","100","2","100","100","58","92","2","2","I now have a much better understanding of Universal Healthcare and its goals.","19","2","1","1",64,NA,NA
"74","10","20","75","50","25","10","15","19","15","71","45","24","30","19","9","2","2","I don't think Universal Health Care should be implemented.","19","2","","2","","","","","","","","","","","","","","",65,NA,NA
"75","50","44","30","100","25","5","3","50","58","23","100","16","5","60","45","2","2","I do not know much about medical insurance because I have never had to worry about it personally","18","2","1","1","","","","","","","","","","","","","","",66,NA,NA
"76","20","75","75","70","25","1","1","","","","","","","","","","","","","","","","20","80","75","80","20","1","1","2","1","Still confused about most parts. I think that the health care system is awful, however I do not want tax money removed from my paycheck to pay for people that are not working to receive the same benefits as everyone else that actually work.","23","1","1","4",67,NA,NA
"77","20","50","66","5","50","10","20","","","","","","","","","","","","","","","","20","65","35","0","85","30","30","2","2","I found it interesting with the statistics but in the end my mind didn't change too much on the topic. I think it was unfair to show only benefits to universal healthcare without explaining what it would take to get there. ","20","1","1","3",68,NA,NA
"80","70","64","66","82","62","70","74","75","74","61","88","73","78","78","79","1","2","knowledgable ","37","2","3","3","","","","","","","","","","","","","","",69,NA,NA
"81","79","100","5","97","65","43","71","","","","","","","","","","","","","","","","86","100","4","100","69","34","62","2","2","I think health care is a really important topic of conversation that isn't discussed in as much urgency as it should be.","19","2","1","2",70,NA,NA
"84","81","100","1","95","100","90","100","87","100","1","100","100","91","100","98","2","2","I think it is important. People should have to think about these questions, especially privileged people such as myself.","20","2","1,5","2","","","","","","","","","","","","","","",71,NA,NA
"86","60","40","98","67","75","100","100","","","","","","","","","","","","","","","","76","25","48","100","85","100","100","2","2","I think it expanded my knowledge on health care","18","2","1","1",72,NA,NA
"87","33","45","75","50","55","19","10","35","40","75","40","45","15","50","78","2","1","Does not give the whole picture of affordable care act and what all is does to every american, not just the ones getting the medical care coverage.","19","2","1","2","","","","","","","","","","","","","","",73,NA,NA
"88","66","60","0","10","20","0","0","66","66","0","90","14","10","40","51","2","2","It made me realize that universal healthcare, although not perfect, will save lives and create a better America for the next generations.","18","1","1","1","","","","","","","","","","","","","","",74,NA,NA
"89","49","50","50","50","50","10","20","","","","","","","","","","","","","","","","50","40","50","50","50","1","1","2","2","There was a lot of statistics regarding people around the globe but I thought this was gonna be about the US. Also none of the images really explained what universal health care was or how it would be implemented.","19","1","1","2",75,5,5
"91","50","50","51","100","50","50","50","50","51","50","50","50","40","40","50","2","2","Didn't now all what goes into health expenses","19","2","1","1","","","","","","","","","","","","","","",76,2.875,1
"92","40","65","65","50","20","10","20","32","71","55","60","10","20","69","25","1","2","It was difficult to determine what was best not only for me but for everyone","18","1","1","1","","","","","","","","","","","","","","",77,5.125,7
"93","100","100","1","100","100","70","72","","","","","","","","","","","","","","","","100","100","1","100","100","79","84","2","1","crazy how many people are uninsured","19","2","1","1",78,5,5
"94","91","100","2","88","100","88","81","95","100","1","94","100","81","95","60","2","2","I thought it was informative and offered insight into the costs of health insurance.","18","2","1","1","","","","","","","","","","","","","","",79,3.125,5
"95","82","100","30","100","100","19","20","","","","","","","","","","","","","","","","100","100","1","100","100","100","100","2","2","it enhanced my perspective that universal healthcare needs to be implemented","18","2","1","1",80,3.5,3
"96","40","61","82","38","38","21","35","49","67","22","39","40","28","63","60","2","2","I found it hard to only have 47pts.","19","2","5","2","","","","","","","","","","","","","","",81,2.875,2
"97","30","19","92","10","30","1","50","","","","","","","","","","","","","","","","19","30","100","5","2","8","13","2","1","I think that universal health insurance isn't the answer to fighting the hefty medical bills Americans face.  I think that the solution is to make medical supplies less expensive (for example: Epi pens should not be like $200).  The government needs to put regulations on Big Pharma.","18","2","1","1",82,4,6
"100","100","90","35","100","20","0","1","100","93","9","100","1","2","1","50","2","2","eye-opening","19","2","1","1","","","","","","","","","","","","","","",83,3.375,4
"101","70","59","77","100","10","73","31","55","88","47","100","38","51","88","71","2","2","It was an interesting way to state your opinion through healthcare.","19","1","1","1","","","","","","","","","","","","","","",84,3.375,5
"102","0","10","75","0","0","0","100","","","","","","","","","","","","","","","","0","0","90","0","30","0","64","1","1","Not very effective","20","1","1,4","2",85,5,8
"103","71","42","51","50","25","2","12","66","38","46","50","36","31","53","57","2","2","It was intresting because it made me think how I would want things covered. I have CF so I know what it's like to have an expensive medicine and problems with the insurance company.  ","19","1","1,5","1","","","","","","","","","","","","","","",86,3.625,2
"104","80","100","0","100","87","90","97","","","","","","","","","","","","","","","","85","97","1","100","91","95","100","2","2","I enjoyed it","18","2","2","1",87,4.25,5
"105","53","55","55","53","49","51","52","52","49","52","55","54","55","54","55","2","2","I think it shows how much insurance costs and how important a health care plan is","18","2","3","1","","","","","","","","","","","","","","",88,5,5
"106","70","60","30","85","20","8","25","","","","","","","","","","","","","","","","70","80","10","100","90","80","100","2","1","The exercise was very informative on the problems with health care and why they need to be fixed.","18","2","1","1",89,2.875,1
"107","100","100","0","100","100","100","100","","","","","","","","","","","","","","","","100","100","0","100","100","100","100","2","2","I really hope that some of the people that take this survey feel stronger about how healthcare is a basic human right, and it made me angry that it will take up to 2030 to possibly reach the goal. This should've been done years ago.","18","1","1","1",90,5,7
"108","84","100","13","100","100","0","0","83","100","9","100","92","0","100","82","2","1","It gives good insight on the state and use of healthcare","18","1","1","1","","","","","","","","","","","","","","",91,4.75,6
"109","50","80","55","30","50","80","80","","","","","","","","","","","","","","","","50","81","55","30","42","90","89","2","2","I appreciate being given infographics about healthcare. My views did not change much before and after, however.","18","2","1","1",92,4.25,5
"110","50","100","50","100","50","50","30","30","100","50","100","30","60","100","40","1","2","It was alot to take in because I knew less about the subject than I previously thought.","19","2","1","2","","","","","","","","","","","","","","",93,4.5,5
"111","72","100","0","100","60","61","72","","","","","","","","","","","","","","","","86","100","0","100","92","82","71","2","2","I found it very informative","18","2","1","1",94,3.375,5
"112","12","33","29","76","85","88","91","4","29","25","100","15","84","77","70","2","1","health care will always be very important to me","18","2","1","1","","","","","","","","","","","","","","",95,5.125,4
"114","64","61","20","61","40","20","11","50","62","17","63","51","21","58","50","2","1","Interesting to think about ","21","2","2","3","","","","","","","","","","","","","","",96,2.875,5
"115","50","70","0","100","80","80","70","","","","","","","","","","","","","","","","50","100","0","100","100","80","85","2","2","Informative","18","2","1,2","1",97,3,2
"117","50","40","50","60","42","35","44","60","61","38","61","50","41","73","80","2","2","weird to see what you have to pick and choose from because the future is unpredictable","18","2","1","1","","","","","","","","","","","","","","",98,4.75,6
"118","50","81","30","100","71","90","40","50","81","30","100","71","81","71","61","2","2","There is a lot that health insurance covers and it is not affordable for all ","18","2","1","1","","","","","","","","","","","","","","",99,4,4
"119","75","100","9","100","100","1","1","","","","","","","","","","","","","","","","100","100","1","100","90","25","34","2","2","I think the as you go through each page it attempts to convince the read of UHC's importance. The ratings at the beginning and end of the survey shows the change of opinion after an individual is taught more about UHC.","18","1","1","1",100,5.125,5
"122","30","10","70","0","10","10","50","","","","","","","","","","","","","","","","10","9","75","0","20","11","51","1","1","I felt that the prompts I read did not change my opinions much","20","1","2","2",101,4.875,4
"123","0","81","100","100","30","50","9","100","100","100","100","10","9","100","100","2","2","Interesting","18","2","2","1","","","","","","","","","","","","","","",102,4.25,2
"124","50","76","30","81","100","60","61","","","","","","","","","","","","","","","","71","92","14","89","71","83","71","2","1","Very interesting. The infographics definitely helped me learn more. ","18","2","1","1",103,4.5,5
"125","100","100","0","100","100","100","100","","","","","","","","","","","","","","","","100","100","0","100","100","100","100","2","2","Really enjoyed the infographics and very easy to understand.","19","2","1","2",104,4.125,5
"127","100","100","4","100","8","6","10","100","100","1","100","8","4","100","100","2","2","it was hard to pick what was the most important","20","2","1","3","","","","","","","","","","","","","","",105,3.75,5
"128","50","50","79","65","88","100","100","","","","","","","","","","","","","","","","50","51","81","86","73","100","100","2","2","I think it's very informative.","18","2","2","1",106,4,1
"129","50","92","8","75","81","65","55","50","86","9","84","86","62","90","87","2","2","Makes me rethink how others without insurance values certain medical services","","2","6","1","","","","","","","","","","","","","","",107,5.125,4
"130","100","93","1","97","70","58","72","95","93","11","92","62","50","79","64","1","2","Informative on what is being payed for","18","2","1,4","1","","","","","","","","","","","","","","",108,4.375,5
"131","100","100","0","100","100","100","100","","","","","","","","","","","","","","","","100","100","0","100","100","100","100","2","1","Universal healthcare is very clearly an absolute necessity and anyone who says otherwise after being presented with the facts is either feigning ignorance or places little to no value on human life.","18","1","1","1",109,4.875,7
"132","90","100","1","100","100","80","80","90","100","1","100","100","90","100","100","2","2","It was alright, just wish the mini list we filled out could actually happen","20","1","1","3","","","","","","","","","","","","","","",110,4.875,6
"133","50","100","0","80","74","5","1","","","","","","","","","","","","","","","","71","100","1","86","100","70","21","2","1","interesting","18","1","1,2,3","2",111,5.75,8
"134","85","94","2","86","68","30","66","69","94","2","91","52","36","82","53","2","2","Universal health care is incredibly important to me, and I would entirely support a bill that allowed for religious/cultural exemptions","18","2","6","1","","","","","","","","","","","","","","",112,5,7
"135","60","74","26","89","81","47","60","","","","","","","","","","","","","","","","48","91","8","95","80","91","40","1","1","Universal Health Care is a topic I am very passionate about and I was pleased to be apart of this study. I hope that one day we will have Universal Health Care. I was wondering however, will the pay of doctors be reduced if this was put into place? I had a heated debate with one of my good friends and in their argument they stated that if the pay is less it might give doctors less of an incentive to pursue their fields because of how excruciating medical school is. If you can respond to this I would greatly appreciate it you can email me at ashkmw@umsystem.edu Thank you very much","19","1","6","1",113,3.375,1
"136","30","30","97","28","6","6","52","29","31","97","19","36","50","25","1","2","2","Teachs you quite a bit","18","1","1","1","","","","","","","","","","","","","","",114,4.625,6
"137","41","76","39","93","26","34","14","43","77","43","85","34","12","80","67","2","2","I think it is important that everyone has access to not only equal, and affordable healthcare, but also quality healthcare is important.","18","2","1","1","","","","","","","","","","","","","","",115,4.125,5
"138","40","71","60","50","30","20","20","","","","","","","","","","","","","","","","40","70","30","80","40","30","30","2","2","great informational graphics","19","2","1","2",116,3.75,3
"139","39","50","61","79","79","35","27","","","","","","","","","","","","","","","","40","56","68","88","90","16","18","2","2","i thought it was good","19","1","1","2",117,4.125,4
"140","75","100","10","100","100","100","100","80","100","6","100","100","100","100","60","2","1","very difficult ","18","2","1","1","","","","","","","","","","","","","","",118,3.75,6
"141","50","50","80","80","70","71","51","50","70","80","80","50","50","80","50","2","2","I honestly dont know much about health care ","19","2","1","2","","","","","","","","","","","","","","",119,4.125,2
"142","85","61","31","50","89","32","37","","","","","","","","","","","","","","","","92","75","20","90","34","46","28","2","2","Universal healthcare has many pros and cons & it's not a simple concept. I realized I wasn't as educated, on this subject, as I thought.","19","2","1","1",120,4.375,3
"143","40","51","90","71","38","41","41","95","92","50","74","85","53","80","39","2","2","It surprised me","19","2","1","1","","","","","","","","","","","","","","",121,2.875,3
"144","30","60","50","25","20","15","20","","","","","","","","","","","","","","","","30","70","39","14","40","50","40","2","2","I think that it is true that people not having healthcare is a big problem in this world","18","2","1","1",122,3.875,6
"146","48","27","32","56","33","74","64","60","60","27","41","47","41","56","44","2","2","helpful","20","1","1","3","","","","","","","","","","","","","","",123,3.625,0
"147","51","100","1","100","1","19","14","","","","","","","","","","","","","","","","80","95","9","100","3","15","13","2","2","The Healthcare system needs totally reformed. ","18","2","1","1",124,4.125,3
"148","50","29","62","65","51","50","51","50","65","60","71","50","40","65","61","2","1","This exercise makes you really look at universal health care.","19","1","1","2","","","","","","","","","","","","","","",125,4.375,5
"149","100","70","10","57","22","11","19","50","45","71","45","23","22","50","53","2","2","i didn’t know what some of the questions were asking","18","2","1","1","","","","","","","","","","","","","","",126,5.125,5
"150","61","76","29","86","51","51","29","","","","","","","","","","","","","","","","50","92","70","86","73","37","38","2","2","I didn't know a lot of the statistics, every eye opening about the real world.","19","2","1","1",127,2.625,1
"151","50","92","2","91","91","40","40","91","100","0","97","98","53","100","100","2","1","I didn't find it hard to complete the 47 points exercise which made my belief in universal healthcare stronger","18","2","1","1","","","","","","","","","","","","","","",128,3.875,6
"152","2","6","100","5","2","3","4","2","3","100","5","6","8","6","100","2","2","It is okay","20","1","1","2","","","","","","","","","","","","","","",129,2.875,2
"154","84","94","35","100","40","28","36","","","","","","","","","","","","","","","","72","95","35","100","73","69","65","2","2","I noticed my answers slightly changed as I became more educated ","18","2","1","1",130,4.125,6
"155","50","31","62","40","50","33","41","50","43","59","42","45","31","37","46","2","2","It is intresting to see all of the things that is covered in health care and I didn't realize how it all adds up so fast like that. ","18","2","1","1","","","","","","","","","","","","","","",131,3.75,3
"157","17","25","45","56","13","15","12","","","","","","","","","","","","","","","","21","63","42","63","56","23","19","2","2","It wasn't super enlightening, I felt like I already knew a lot about it. The information didn't make me want to support the Affordable Care Act more, just that something should be done. The information didn't tell me why the Affordable Care Act would be effective.","19","1","1","2",132,4.5,6
"158","50","40","60","60","50","50","40","","","","","","","","","","","","","","","","60","70","40","70","70","61","70","2","2","I found it interesting and insightful","18","1","1","1",133,3.75,4
"159","80","91","15","70","86","19","32","87","81","14","75","80","21","81","61","2","2","It was challenging","18","2","2","1","","","","","","","","","","","","","","",134,4.125,3
"160","100","100","0","80","0","20","30","100","100","0","100","0","20","100","80","2","2","It was interesting to see the different categories that are considered when talking about health benefits and it was hard to pick which ones were more important because I feel like all of them are essential to some extent ","18","2","1","1","","","","","","","","","","","","","","",135,4.625,4
"163","100","100","3","100","100","100","100","","","","","","","","","","","","","","","","100","100","1","100","100","100","100","2","1","It states the facts of the situation","19","2","1","1",136,4.25,7
"164","50","30","55","19","50","10","2","","","","","","","","","","","","","","","","40","40","55","45","30","9","9","2","2","It taught me a lot","18","2","1","1",137,4.125,4
"165","100","70","0","100","100","100","50","","","","","","","","","","","","","","","","100","100","0","100","100","70","50","2","2","Eye opening on the statistics shown in the given posters","19","1","1","1",138,4.75,4
"166","100","100","0","100","100","100","61","100","100","0","100","100","71","100","100","2","2","informative","19","1","1","1","","","","","","","","","","","","","","",139,5.375,4
"168","3","17","72","64","3","3","45","3","13","74","44","14","44","29","10","1","2","I think a lot of these questions are phrased in a way to get a specific response.","20","2","1","3","","","","","","","","","","","","","","",140,4.625,5
"175","30","50","10","50","30","11","10","10","29","30","50","30","10","30","75","2","2","It was quick and simple","19","2","1","1","","","","","","","","","","","","","","",141,3.875,4
"176","100","100","10","100","80","10","9","","","","","","","","","","","","","","","","100","100","0","100","100","100","100","2","2","I wish everyone knew about this and I hope that this goes into play very soon.","18","2","1,2,4,5,6","1",142,4.625,0
"177","49","70","80","81","50","30","39","38","41","82","71","50","37","48","51","2","1","It made me realize how many different health services there are to consider.","18","2","","1","","","","","","","","","","","","","","",143,4.625,6
"178","30","52","83","53","47","34","32","","","","","","","","","","","","","","","","39","60","60","83","69","60","49","2","2","It brought a lot of issues regarding health care to my attention. ","18","2","1","1",144,5,6
"179","50","100","10","100","100","90","70","50","100","2","100","100","100","100","100","2","2","Insightful","19","1","1","1","","","","","","","","","","","","","","",145,4.625,4
"180","80","40","70","70","10","10","10","","","","","","","","","","","","","","","","80","50","60","100","40","39","40","2","2","I like the idea of informing the less knowledgeable on UHC.","18","1","3,5","1",146,4.875,4
"182","50","50","50","100","51","1","1","51","51","50","50","51","51","51","51","2","2","thought provoking","18","1","2","1","","","","","","","","","","","","","","",147,3.75,3
"183","51","41","62","30","49","50","51","49","51","60","50","50","51","40","51","1","2","I found this exercise to be difficult to complete because of the pros and cons that I saw with the free health insurance. There are many people who make a living by working for these insurance companies, but there are also people who need health insurance but lack the money to do so.","18","1","1","1","","","","","","","","","","","","","","",148,5,5
"184","36","85","44","63","12","45","20","","","","","","","","","","","","","","","","70","100","30","73","37","47","42","2","2","I think it was interesting to see the amount of people who do not have access to healthcare systems.","18","2","1","1",149,3,4
"185","100","100","0","100","100","62","68","100","100","0","100","100","50","100","30","2","2","It's hard for me to think about people having to pick and choose which parts of healthcare they'll have access to when they're all important. It makes me wish healthcare would be reformed for the good of everyone and not just those who can afford it.","19","2","1","1","","","","","","","","","","","","","","",150,4.875,5
"186","10","60","40","50","80","19","20","","","","","","","","","","","","","","","","40","60","40","60","40","60","61","2","2","It was very informative, I wasn't very educated on a lot of what I read so I'm really glad I took this survey, I didn't change most of my views about health care, but I feel much more educated on the issue","18","2","1","1",151,4,5
"187","19","81","7","100","0","0","0","30","100","1","100","100","0","100","100","2","2","it makes me realize that our health care system is messed up and makes me realized that our country do not care about the welfare of its people.","18","2","2","1","","","","","","","","","","","","","","",152,1.875,3
"188","60","100","0","100","80","70","90","70","100","0","90","100","70","100","100","2","1","Surprising, not a lot of money to go around for medical costs.","18","3","1","1","","","","","","","","","","","","","","",153,3.625,5
"189","51","30","53","14","50","2","3","","","","","","","","","","","","","","","","29","29","50","9","35","5","5","2","2","It was confusing","18","2","1","1",154,4,4
"190","42","100","16","34","39","100","68","44","100","22","37","33","64","55","47","2","2","Opened my eyes to how much health care insurance covers","18","2","1","1","","","","","","","","","","","","","","",155,3.5,2
"192","33","72","24","100","42","36","15","","","","","","","","","","","","","","","","31","75","57","39","20","81","61","2","2","Good","18","2","1","1",156,3.375,5
"193","78","100","20","95","92","82","62","95","100","36","90","78","57","93","100","2","2","I think it was very educational and straightforward.","18","2","5","1","","","","","","","","","","","","","","",157,3.625,4
"195","50","40","70","35","35","35","35","50","40","70","40","35","70","35","35","2","2","Interesting","18","1","1","1","","","","","","","","","","","","","","",158,4.375,3
"196","61","71","51","60","63","40","29","","","","","","","","","","","","","","","","61","61","50","41","61","30","30","2","2","I thought it was very interesting to think about other people who struggle.","18","1","1","1",159,5.25,4
"197","92","92","65","100","92","47","57","100","91","95","94","83","59","60","93","2","2","Useful","18","2","1","1","","","","","","","","","","","","","","",160,4.75,2
"198","62","100","21","100","43","9","20","31","93","11","100","19","20","99","31","1","1","It felt like I had to choose only the services I would likely be using in the near future. There was no way to have coverage in everything, which is disheartening because you never know when you might possibly need those services.","36","2","1","2","","","","","","","","","","","","","","",161,4.75,7
"199","70","85","20","70","75","30","9","","","","","","","","","","","","","","","","86","85","18","86","85","53","55","2","2","the information was interesting ","21","2","1","4",162,3.5,3
"201","1","19","100","100","69","2","42","","","","","","","","","","","","","","","","1","80","100","100","16","79","100","1","2","Liberalizing","19","1","3","1",163,5.125,4
"205","100","100","0","97","100","36","46","94","84","4","100","100","44","37","55","2","2","straightforward ","18","2","2,4","1","","","","","","","","","","","","","","",164,4.125,1
"206","50","56","59","61","61","43","52","","","","","","","","","","","","","","","","57","50","61","58","40","57","44","2","1","It's very straight forward","18","2","3","1",165,3.875,5
"207","24","60","87","57","9","4","5","24","51","74","66","9","9","58","81","2","2","interesting ","19","2","1","2","","","","","","","","","","","","","","",166,4.25,5
"208","40","30","60","10","5","10","10","","","","","","","","","","","","","","","","30","20","50","14","5","20","20","2","1","It was informational. ","18","2","1","1",167,4.875,7
"209","100","80","0","81","100","100","100","100","67","5","100","100","100","76","100","2","1","Interesting on how complicated it can be","19","2","1","1","","","","","","","","","","","","","","",168,4.75,5
"211","50","100","40","100","49","48","50","","","","","","","","","","","","","","","","50","100","9","100","85","100","100","2","2","informational","18","2","2","2",169,3.625,5
"212","70","70","40","80","70","30","30","","","","","","","","","","","","","","","","90","90","10","90","90","80","80","2","2","I still am not 100% sure on the exact plan of universal healthcare. The exercise lays out statistics of the debt it causes, but not necessarily the exact plan on how to reach it.","18","2","1","1",170,3.125,4
"213","90","90","0","100","100","80","20","90","100","1","100","95","96","100","71","2","2","Very straight forward and eye-opening","18","1","1","1","","","","","","","","","","","","","","",171,4.5,6
"214","2","3","3","2","2","1","3","1","5","5","6","6","6","4","6","2","2","im not sure","18","2","1","1","","","","","","","","","","","","","","",172,2,3
"215","62","50","8","50","50","50","51","","","","","","","","","","","","","","","","70","59","30","42","52","57","60","2","2","Support for universal health care","18","1","2","1",173,4,1
"217","100","100","0","100","100","81","51","100","100","0","100","100","91","100","100","2","1","If it is this easy to come up with a universal health care plan, then why doesn't America have one?","29","2","1","3","","","","","","","","","","","","","","",174,4.625,4
"219","68","82","9","70","34","34","34","","","","","","","","","","","","","","","","74","75","10","77","92","91","87","2","2","Eye opening. I have never really been taught about this kind of topic ","20","2","1","3",175,5.125,6
"221","50","100","0","100","85","85","65","50","100","0","100","71","65","100","91","2","2","It was really interesting learning about the different types of needs that people need and how people would be affected if they didn't have those needs. ","18","2","3","1","","","","","","","","","","","","","","",176,4,6
"222","43","58","40","42","69","90","100","","","","","","","","","","","","","","","","100","70","81","100","100","100","100","2","2","I thought that it taught me things I did not know.","18","2","1","1",177,5.125,3
"223","5","45","3","3","16","18","10","","","","","","","","","","","","","","","","26","36","25","45","37","39","31","2","2","It is interesting to see different views","18","2","5","1",178,2.75,0
"224","80","100","5","100","14","22","21","95","100","5","100","15","30","98","99","2","2","Eye opening ","18","2","1","1","","","","","","","","","","","","","","",179,3.5,4
"225","49","46","66","72","82","71","62","","","","","","","","","","","","","","","","82","50","0","64","83","84","86","2","2","It's important to know what health care options you have available to you. ","18","2","1","1",180,4,4
"226","81","100","60","100","30","1","0","84","100","56","100","51","2","100","89","2","2","I think it shows how much compromise is really needed for healthcare and you have to decide what you think is the most important. ","18","2","1","1","","","","","","","","","","","","","","",181,5,5
"228","50","30","40","40","70","10","20","30","50","35","30","30","30","30","85","2","2","I liked it because you got to pick what type of insurance is important to you based on your beliefs and to what extinct you would like to be covered. I think it's somewhat realistic because not everyone taking this survey will have the same amount of money/funds available for health insurance in reality but overall forms a good idea of how sacrifices have to be made when deciding on health care","18","2","1","1","","","","","","","","","","","","","","",182,4.375,4
"229","43","69","54","56","27","83","92","","","","","","","","","","","","","","","","37","46","61","48","40","74","75","2","2","I had never seen those infogrphics before so it was nice to see new information.","18","2","1","1",183,4.5,4
"230","64","65","61","78","75","75","75","","","","","","","","","","","","","","","","72","71","0","83","46","73","51","2","2","benificial","18","2","1","1",184,4.75,3
"231","64","71","53","73","49","97","59","72","63","50","80","52","83","58","64","2","2","benifical","18","2","1","1","","","","","","","","","","","","","","",185,4.75,3
"232","71","80","51","80","50","84","53","70","52","48","77","60","88","80","81","2","2","benifical","18","2","1","1","","","","","","","","","","","","","","",186,4.75,3
"233","75","92","30","80","75","97","96","","","","","","","","","","","","","","","","95","97","85","96","100","100","91","2","1","I admired how much information was presented and the detail to which the information was explained.","18","1","1","1",187,4,6
"236","62","76","58","66","44","46","52","80","82","47","79","43","54","72","62","2","1","it's important","18","2","1,3","1","","","","","","","","","","","","","","",188,3.125,2
"237","31","75","31","87","45","23","24","","","","","","","","","","","","","","","","37","87","18","92","67","52","65","2","1","I believe we need more accessible healthcare","18","2","1","1",189,4.375,5
"239","50","80","65","80","40","30","15","","","","","","","","","","","","","","","","50","80","65","80","40","30","30","2","2","I think the US needs a basic form of healthcare for all individuals. It is an essential right. I am unsure whether America is ready for a universal healthcare system.","18","1","1","1",190,5.25,7
"241","0","0","65","0","0","0","0","0","0","75","0","0","0","0","100","2","2","Doesn't change anything for me","18","1","1","1","","","","","","","","","","","","","","",191,3.875,3
"242","90","45","0","5","83","95","81","","","","","","","","","","","","","","","","100","1","1","50","100","100","95","2","2","Glad to learn that a good amount of people in the world receive health care regardless of their financial problems.","18","2","1","1",192,2.75,3
"243","30","61","64","36","32","24","26","45","58","57","32","35","31","56","38","1","1","eye opening","18","3","6","1","","","","","","","","","","","","","","",193,4.25,1
"244","54","52","73","0","11","0","0","","","","","","","","","","","","","","","","49","86","49","0","18","4","4","2","2","UHC will be incredibly difficult to finance.","18","1","1","1",194,4.625,7
"245","75","81","30","100","40","29","25","","","","","","","","","","","","","","","","91","100","9","100","9","25","30","2","2","I did not realize how many people are lacking proper healthcare. ","18","2","1","1",195,3.625,2
"248","20","41","66","83","50","48","29","39","52","50","50","49","54","53","47","2","2","helpful to draw my attention about how important health care is","18","2","1","1","","","","","","","","","","","","","","",196,4,2
"249","55","90","22","86","87","50","48","62","95","19","95","71","45","57","61","2","1","Why are so many different types of insurance separate? Vision and Dental for example. ","19","2","1","2","","","","","","","","","","","","","","",197,4.375,5
"250","50","96","10","100","50","20","20","","","","","","","","","","","","","","","","50","100","10","100","2","21","21","2","2","It was fine","18","2","1","1",198,3.75,3
"251","31","31","80","61","41","5","6","53","38","71","62","61","21","52","72","2","2","straightforward","18","2","1","1","","","","","","","","","","","","","","",199,4.5,4
"252","3","3","100","5","9","19","20","3","9","100","5","5","19","13","30","2","2","honestly im just doing it to pass the class im in","21","1","1","3","","","","","","","","","","","","","","",200,5.75,2
"253","0","0","100","50","100","51","51","","","","","","","","","","","","","","","","0","0","100","50","50","51","51","2","2","Why should health care be free?","19","2","1","1",201,4.625,5
"254","52","28","32","49","49","50","49","","","","","","","","","","","","","","","","100","100","1","100","100","100","100","2","2","very informative","19","","","",202,2.25,0
"255","52","49","32","76","55","40","40","49","66","27","86","48","35","53","34","2","2","eye opening","18","2","1","1","","","","","","","","","","","","","","",203,4.75,3
"256","25","1","80","1","25","1","1","1","15","85","1","1","1","30","78","2","2","What i got was what i got. If I have more money then i expect to get better health care than those that don't. There is a order to things and health care is not an exception.","18","1","1","1","","","","","","","","","","","","","","",204,3.5,2
"257","60","30","60","50","40","40","50","","","","","","","","","","","","","","","","60","50","50","50","40","46","45","2","2","It was informational but is biased. It gave no indication of the positives to our capitalist way of healthcare, such as being able to choose the healthcare/doctor's office/hospital/surgeons/care plan you want or need","19","2","1","1",205,4.125,5
"258","70","70","50","51","60","70","20","","","","","","","","","","","","","","","","80","80","20","80","80","10","10","2","2","It was very informational and important. ","20","2","1","2",206,4,3
"259","1","80","1","80","80","2","2","1","80","1","80","80","1","1","75","2","1","It was very interesting and it makes it obvious that not everything is simple and can be done easily. It also shows some limitations of universal healthcare. ","19","1","1","2","","","","","","","","","","","","","","",207,3.875,6
"260","39","50","74","70","35","6","6","63","71","61","63","54","30","59","44","2","2","It was straightforward","18","2","1","1","","","","","","","","","","","","","","",208,4.5,4
"261","11","41","49","49","73","3","3","","","","","","","","","","","","","","","","50","50","50","65","50","50","50","2","2","It was very informative. ","18","1","1","1",209,4.5,3
"262","67","80","74","81","53","44","24","76","72","73","76","74","79","75","80","2","2","I think it is important that all students understand the necessity and importance of healthcare","20","1","1","3","","","","","","","","","","","","","","",210,4,4
"263","80","80","30","80","85","50","50","","","","","","","","","","","","","","","","80","80","20","90","70","50","50","2","2","It was interesting to learn about","20","1","1","3",211,4.75,4
"264","80","100","1","1","1","1","1","78","100","1","1","1","1","100","27","2","2","It was a good way to view how much I felt like I would need certain health needs","19","2","2","2","","","","","","","","","","","","","","",212,2.875,1
"265","34","40","33","59","47","39","29","","","","","","","","","","","","","","","","37","52","30","51","49","49","53","1","2","I agree everyone should be able to have access to healthcare and that it should be more affordable","19","2","1","2",213,3.375,5
"268","34","99","16","100","8","18","24","","","","","","","","","","","","","","","","42","100","6","100","2","11","14","2","2","The US's healthcare system is inadequate. ","18","2","2","1",214,3.125,2
"269","92","100","0","100","99","100","76","","","","","","","","","","","","","","","","100","100","0","100","100","100","80","2","2","I know less than I thought I did but I still understand and support the need for UHC","18","2","1","1",215,3.75,4
"270","10","10","80","25","20","9","10","10","15","82","30","30","20","15","70","2","2","I felt I had more than enough points to complete a package.","18","2","1","1","","","","","","","","","","","","","","",216,3.625,6
"271","100","100","29","100","70","30","70","","","","","","","","","","","","","","","","100","100","15","100","82","20","81","2","2","It made me stop to think of others and I appreciate that.","20","2","2","2",217,3.5,3
"272","57","80","18","90","49","81","27","38","69","19","96","40","21","89","28","2","2","Easy to follow through and understand","18","2","2,5","1","","","","","","","","","","","","","","",218,3.25,4
"273","50","80","30","70","75","60","50","","","","","","","","","","","","","","","","60","81","30","80","100","50","65","2","2","The infographics were very informative and persuasive","18","2","1","1",219,3.125,6
"274","70","82","30","70","71","23","24","73","76","20","73","74","24","77","50","2","2","It was very eye opening and a good exercise to see the complexity of this problem.","20","2","1","3","","","","","","","","","","","","","","",220,4.5,7
"275","100","74","80","49","18","24","28","","","","","","","","","","","","","","","","26","44","46","45","20","24","16","2","2","it was complicated","19","2","1","1",221,3.25,0
"277","82","100","7","100","86","62","67","","","","","","","","","","","","","","","","98","99","3","100","100","100","100","2","1","I agree that healthcare is a right. ","18","2","3","1",222,5.25,3
"278","40","100","0","100","0","0","0","4","100","0","100","1","2","100","20","2","1","i like it ","18","2","2","1","","","","","","","","","","","","","","",223,3.875,0
"279","77","84","3","99","52","50","50","74","88","3","100","50","50","71","50","2","2","interesting","18","2","1","1","","","","","","","","","","","","","","",224,4.375,4
"280","0","100","50","0","0","50","50","","","","","","","","","","","","","","","","0","100","0","0","40","100","100","1","1","I liked it. It didn't change my overall opinion, but I appreciated the information. ","","","","1",225,5,7
"281","62","59","30","62","64","44","43","","","","","","","","","","","","","","","","59","71","21","100","72","45","35","2","2","It made me think about things in a different way ","18","2","1","1",226,4.25,6
"282","50","70","30","50","0","0","0","50","81","40","80","0","0","81","50","2","2","Health care is very much needed for some whether the more wealthy are paying for it or not.","20","2","1","2","","","","","","","","","","","","","","",227,2.625,1
"283","36","40","29","65","76","24","31","43","60","64","73","61","33","43","63","2","2","It made me realize its hard to get all the coverage you want.","18","2","1","1","","","","","","","","","","","","","","",228,4.875,7
"284","0","0","50","20","0","0","0","0","10","50","10","0","0","0","0","2","2","i really don't know","18","2","1","1","","","","","","","","","","","","","","",229,3.625,3
"285","62","51","49","91","66","55","51","","","","","","","","","","","","","","","","72","83","28","100","91","82","70","2","2","It was very eye opening.","18","2","1","1",230,4.875,6
"286","0","3","100","7","30","0","4","1","8","100","17","0","2","8","1","1","2","I think healthcare and insurance should be given to any and all people but penalizing people for buying their own private plan is absurd","18","1","1","1","","","","","","","","","","","","","","",231,4.75,6
"287","100","100","11","100","100","100","100","","","","","","","","","","","","","","","","100","100","1","100","100","100","100","2","1","Very educational","18","2","5","1",232,5.125,4
"289","50","48","53","64","50","28","14","","","","","","","","","","","","","","","","50","73","24","27","35","21","22","2","2","it was interesting","18","1","1","1",233,2.75,2
"290","62","100","1","100","100","52","78","49","80","37","91","84","27","97","31","2","2","fun","19","1","1","2","","","","","","","","","","","","","","",234,4,2
"291","83","84","21","80","81","22","25","","","","","","","","","","","","","","","","88","92","6","91","87","13","16","2","2","It was eyeopening and interesting to see the statistics. I knew there were problems with healthcare disparities in our country, but seeing the statistics to back these statements is helpful.","20","2","1","3",235,4.75,7
"292","56","89","45","90","81","55","48","75","91","55","95","60","48","83","60","2","2"," The exercise was good to understand where our money is lead to in certain categories for health care in our systems and what categories could be more important than others ","19","2","1","1","","","","","","","","","","","","","","",236,4.125,2
"293","63","100","67","100","67","38","86","68","100","100","100","82","47","100","85","2","1","Everyone should have access to some type of health care ","21","1","2","2","","","","","","","","","","","","","","",237,4.125,4
"294","71","85","2","96","63","43","45","","","","","","","","","","","","","","","","74","85","1","100","71","52","50","2","2","It was really neat to see the way my answers seemed to change after I received just a little bit more information.","18","2","1","1",238,4,5
"295","77","91","2","95","71","47","65","","","","","","","","","","","","","","","","82","92","1","95","78","67","80","2","1","I've always supported UHC and I really hope we find a way to actually have it one day","18","2","1","1",239,4,6
"296","32","43","29","30","41","43","76","41","42","43","37","34","34","39","42","2","2","ok","18","1","1","1","","","","","","","","","","","","","","",240,2.875,0
"298","60","83","6","92","78","52","50","","","","","","","","","","","","","","","","70","91","2","100","59","51","50","2","2","forces you to think","20","1","2","2",241,3.5,0
"299","50","60","40","55","70","30","20","50","40","40","50","60","30","50","50","1","2","Puts things in perspective that I haven't thought about before.","18","2","1","1","","","","","","","","","","","","","","",242,5.625,5
"300","5","10","60","5","10","10","20","5","10","65","5","5","10","10","5","2","2","This study seemed to be rather limited to one position on the issue of universal health care.There are valid arguments on both sides of this issue and the wording of these questions says otherwise. ","19","2","1","2","","","","","","","","","","","","","","",243,4.875,5
"301","71","72","50","60","61","51","30","","","","","","","","","","","","","","","","82","82","32","81","82","81","82","2","2","I thought it was very informative and easy to follow","19","1","1","1",244,4.125,3
"302","50","50","28","60","70","68","82","50","67","26","75","74","64","69","79","2","2","I don’t feel very confident because I don’t know a lot about insurance or healthcare. ","19","2","1,5","1","","","","","","","","","","","","","","",245,5.125,5
"303","50","80","80","40","40","25","40","40","90","50","70","30","50","90","40","2","1","This is very eye opening to the values that you have to take in to concideration with what you want covered.","19","1","1","1","","","","","","","","","","","","","","",246,4.375,6
"304","36","29","88","50","27","12","9","","","","","","","","","","","","","","","","35","35","94","51","29","31","24","2","2","Thoughts didn't really change when I looked at the infographics","19","2","1","1",247,4.125,4
"305","100","100","2","100","100","50","40","","","","","","","","","","","","","","","","100","82","0","71","49","28","40","2","2","Very informative ","18","2","1,5","1",248,4.375,3
"306","78","88","37","85","83","15","30","79","87","29","87","73","14","78","80","2","1","It sucked to have to determine some parts of my health are less important than others so I couldn't score it as high as I would like.","18","2","1","1","","","","","","","","","","","","","","",249,3.125,2
"307","50","40","65","70","62","61","44","","","","","","","","","","","","","","","","60","65","50","65","40","55","45","2","2","It was an okay exercise, but I thought it would be smart to tax things like cigarettes and alcohol that can potentially have harmful effects","18","1","1","1",250,4,4
"308","20","20","20","24","21","21","23","","","","","","","","","","","","","","","","19","26","25","26","22","31","25","2","2","interesting ","19","2","1","2",251,2.75,3
"309","100","100","0","100","100","100","100","100","100","0","100","100","100","100","100","2","2","It feels like it shouldn't be this easy","18","2","1","1","","","","","","","","","","","","","","",252,3.75,4
"310","78","96","15","87","65","48","55","","","","","","","","","","","","","","","","87","100","0","100","96","90","90","2","2","I liked how I couldn't move forward for a certain amount of time, I skimmed the first one and saw I couldn't move forward so I went back and read everything more clearly ","18","2","1","1",253,3.875,4
"311","51","51","53","80","70","46","33","50","69","46","64","54","50","69","57","2","1","interesting","18","1","1","1","","","","","","","","","","","","","","",254,4.125,3
"312","51","50","72","52","58","9","20","","","","","","","","","","","","","","","","51","71","48","51","58","30","50","2","2","none","18","2","1","1",255,5,5
"313","95","100","0","70","50","50","30","90","100","0","86","13","16","100","100","2","2","It was difficult to choose between everything because they are all important to me. ","19","2","1","1","","","","","","","","","","","","","","",256,4.625,3
"314","60","92","1","100","100","100","100","","","","","","","","","","","","","","","","71","100","1","100","100","100","100","2","2","well designed educational graphics. The style of study is bound to produce some interesting results. ","18","2","1","1",257,3.625,4
"315","81","5","79","53","9","14","53","","","","","","","","","","","","","","","","65","8","100","38","32","61","80","2","2","informative","19","2","1","2",258,2.875,2
"316","19","19","20","19","20","19","19","19","19","19","19","19","20","19","20","2","2","informative ","19","2","1","2","","","","","","","","","","","","","","",259,2.375,0
"317","15","12","11","15","16","14","14","18","15","15","15","15","13","13","12","2","2","informative ","19","2","1","2","","","","","","","","","","","","","","",260,2,0
"319","40","25","85","20","15","5","30","","","","","","","","","","","","","","","","25","25","91","9","35","40","51","2","2","It taught me a little bit of information.","18","2","1","1",261,5.625,6
"321","50","90","10","80","81","73","73","50","91","10","74","72","77","87","67","2","2","I thought that it was interesting for me to be able to design my own health care plan, but in reality there is no way a plan like mine would be able to go through.","18","1","1","1","","","","","","","","","","","","","","",262,3.625,6
"323","100","100","0","100","100","100","100","97","100","0","100","100","94","100","100","2","1","It showed me (...again) that money hungry companies do not care for basic human rights, they would rather capitalize off of it.","18","2","2","1","","","","","","","","","","","","","","",263,4.75,6
"324","90","94","30","94","85","52","8","","","","","","","","","","","","","","","","90","94","30","100","89","23","29","2","2","intersting","20","1","1","3",264,5,3
"326","66","70","56","62","69","60","65","60","64","65","45","65","56","58","62","2","2","important","18","1","1","1","","","","","","","","","","","","","","",265,5.625,7
"327","51","90","1","97","34","34","50","","","","","","","","","","","","","","","","81","83","0","91","62","49","50","2","2","i enjoyed it","18","2","1","1",266,4.125,6
"329","100","100","9","98","47","35","34","","","","","","","","","","","","","","","","100","100","0","100","100","100","100","2","2","I think its obvious that not everyone is born with the same tools that other people have access to so we need to have UHC so everyone is born into an equal playing field. Because it is affecting peoples basic need to health amenities. ","18","2","1","1",267,3.625,3
"330","51","92","25","0","100","0","61","81","100","10","0","100","20","83","82","2","1","Universal healthcare can be beneficial to all","19","1","1","2","","","","","","","","","","","","","","",268,4.625,6
"331","50","71","2","71","40","69","76","","","","","","","","","","","","","","","","59","85","3","92","83","84","85","2","1","I am very passionate about universal health care because there was a time when I needed medical attention but did not seek it because I could not afford it ","19","1","1,6","1",269,3.25,1
"332","50","30","40","40","41","9","1","50","40","30","30","19","8","40","48","2","2","it was very confusing as i dont know very much about my insurance situation now","18","1","1","1","","","","","","","","","","","","","","",270,4.5,5
"333","20","12","73","19","9","36","1","","","","","","","","","","","","","","","","30","40","81","18","29","20","3","2","2","I appreciate the articles so I can become more educated on the topic.","19","2","1","1",271,4.875,4
"335","79","78","30","16","92","63","52","81","85","20","24","60","59","77","75","2","2","Good, the UI could have been better","18","1","1","1","","","","","","","","","","","","","","",272,5.375,4
"337","100","100","0","100","100","100","100","100","100","0","100","100","100","100","100","2","1","It was informative. When I was done I didn't use all of my points","20","2","1,2","2","","","","","","","","","","","","","","",273,2.75,1
"338","15","25","23","21","21","20","17","","","","","","","","","","","","","","","","77","60","59","78","63","63","81","2","2","informative","19","2","1","2",274,3.375,3
"339","30","50","81","29","50","39","25","31","50","78","25","50","29","29","40","2","2","I liked creating my own plan and seeing what I could and couldn't go without","18","2","1","1","","","","","","","","","","","","","","",275,3.625,2
"340","91","81","16","71","88","79","38","","","","","","","","","","","","","","","","85","63","23","88","18","69","75","2","2","it talk me a lot about health care and how important it is and how lucky I am to have good coverage.","18","1","1","1",276,3.625,1
"341","65","82","43","100","84","54","52","","","","","","","","","","","","","","","","76","80","23","100","50","50","68","2","2","It was informative to learn more about Universal Healthcare and how it works.","18","2","1","1",277,4.375,3
"343","92","100","3","100","100","100","100","100","100","0","100","100","100","100","100","2","2","It made me see how underprivileged families see health care and the potential stress of it for families.","19","2","1","1","","","","","","","","","","","","","","",278,5.25,5
"344","50","80","20","80","50","20","20","","","","","","","","","","","","","","","","50","80","20","80","80","20","20","1","2","I learned more about how many have to pay as much as 1/4th their income for health care","19","1","1","1",279,3.5,5
"345","27","35","35","35","35","35","39","16","20","100","70","13","24","6","68","2","2","helpful","19","2","1","2","","","","","","","","","","","","","","",280,2.375,2
"349","31","55","70","67","47","8","10","","","","","","","","","","","","","","","","31","66","62","53","24","10","10","2","1","I think it didn't show the other side of universal healthcare and the sacrifices people would have to make ","18","2","1","1",281,3.625,4
"350","50","100","3","100","80","79","66","51","100","5","100","76","57","66","93","2","2","I would accept this health care plan, I didn't think about there would a budget","18","2","1","1","","","","","","","","","","","","","","",282,5.25,6
"351","29","30","61","40","50","50","50","","","","","","","","","","","","","","","","49","50","71","50","50","50","49","2","2","This was a good exercise it opened my eyes to certain issues. ","18","2","1","1",283,4.75,4
"352","91","100","3","100","96","39","70","94","100","2","100","95","48","100","92","2","2","It was really interesting to see what topics mattered to me","18","2","1","1","","","","","","","","","","","","","","",284,4.625,8
"353","77","80","24","96","82","70","55","85","85","23","92","67","61","85","75","2","2","It was very helpful in helping me understand how important Universal Healthcare is, and how difficult it is to design a healthcare plan.","19","1","1","1","","","","","","","","","","","","","","",285,4.125,5
"354","81","93","9","60","51","40","51","","","","","","","","","","","","","","","","100","100","10","100","95","80","100","2","2","Very informative ","18","2","1","1",286,5.25,5
"355","100","100","0","100","95","40","50","","","","","","","","","","","","","","","","100","100","0","100","100","100","100","2","2","I think that it was really enlightening to see all the numerical data in support of UHC. ","18","1","1","1",287,5.375,8
"357","80","90","70","90","50","20","30","100","80","50","100","20","30","60","70","2","2","I had no clue as to how vital health care is.","18","2","1,2","1","","","","","","","","","","","","","","",288,4.625,2
"358","54","31","48","50","52","34","31","","","","","","","","","","","","","","","","50","51","52","46","49","53","51","2","2","I really thought it helped me understand more","18","2","1","1",289,4.375,5
"359","90","70","50","90","50","20","30","80","70","50","90","50","30","60","90","2","2","I had no clue as to how vital health care is.","18","2","1,2","1","","","","","","","","","","","","","","",290,4.5,3
"360","1","11","5","74","78","76","81","4","10","12","11","11","55","14","16","2","2","not surprised ","19","2","1","1","","","","","","","","","","","","","","",291,3,2
"362","100","100","0","50","0","0","40","100","100","0","100","0","40","100","100","2","2","Something to really think about. ","18","2","2","1","","","","","","","","","","","","","","",292,4.625,4
"363","98","92","2","100","36","3","15","","","","","","","","","","","","","","","","92","91","11","100","47","20","16","2","2","I think univeraal healthcare is an unattainable goal in the USA yet I am a strong advocate for healthcare reform here. The vast majority of underpriveledged people do not recieve sufficient healthcare, a neccesity, in the US. Many people die because they cannot afford price gouged insulin for crying out loud!","18","2","1","1",293,3.75,3
"364","50","70","33","62","51","50","29","","","","","","","","","","","","","","","","68","67","41","66","51","50","50","2","2","informative","18","2","1","1",294,3.75,5
"365","40","76","30","100","81","9","0","39","91","28","100","87","6","90","87","2","2","Health care is a complicated, politicized problem ","18","1","1","1","","","","","","","","","","","","","","",295,4.25,7
"366","85","100","5","85","85","30","40","","","","","","","","","","","","","","","","85","85","10","85","85","60","40","2","2","It was interesting","18","1","1","1",296,3.75,6
"368","61","100","2","92","20","9","2","100","100","1","98","1","1","100","55","2","2","You never get everything you want, which can be bad in some situations.","20","2","1,5","2","","","","","","","","","","","","","","",297,3.25,4
"369","62","60","30","99","50","29","47","53","80","30","100","50","39","40","79","2","2","It is hard to choose which health needs that you want to be insured because everything is so expensive.","18","1","1","1","","","","","","","","","","","","","","",298,5.125,5
"370","50","50","50","50","50","2","0","","","","","","","","","","","","","","","","72","60","11","50","77","69","69","2","2","i learned a lot because i didnt know what it was before i started it and now I have an idea but i honestly dont know how i feel about it","18","1","1","1",299,4.375,5
"371","92","100","1","100","100","60","82","94","100","1","100","99","73","100","82","2","2","It's complicated!!","18","2","1","1","","","","","","","","","","","","","","",300,4.125,6
"372","93","100","0","100","97","37","37","","","","","","","","","","","","","","","","100","100","0","100","100","83","84","2","2","simple and very informative","18","2","1","1",301,5.25,1
"373","60","50","40","100","40","60","30","","","","","","","","","","","","","","","","70","60","30","100","30","30","30","2","2","It's good to talk about health care","18","2","1","1",302,3.75,4
"374","66","99","34","95","100","32","14","55","100","24","100","64","25","81","65","2","1","That was honestly very enlightening","18","2","1,2","1","","","","","","","","","","","","","","",303,4.125,7
"375","80","80","8","100","92","62","56","","","","","","","","","","","","","","","","81","91","9","100","86","86","87","2","2","it was very informational.","18","2","2","1",304,3.875,2
"376","100","100","1","100","10","10","1","100","100","1","100","1","1","100","20","2","1","It puts into perspective how difficult it is to get health insurance in the US and to get proper care.","18","2","1","1","","","","","","","","","","","","","","",305,4.5,5
"377","70","98","62","100","100","11","10","","","","","","","","","","","","","","","","77","100","58","100","100","9","6","2","1","Very informative ","18","2","1,3","1",306,3.5,5
"378","50","29","80","29","36","18","29","53","30","84","29","31","23","29","40","2","2","Interesting to see how many different types of insurance go into the Health category.","20","2","1","1","","","","","","","","","","","","","","",307,4.125,5
"379","40","70","30","80","60","30","50","35","70","35","75","65","30","70","80","1","2","Very interesting","20","1","1","3","","","","","","","","","","","","","","",308,3.75,3
"380","70","77","1","81","71","20","42","75","78","1","79","74","16","73","73","2","2","America has a wack health system, I walked to the hospital instead of getting an ambulance kind of garbage.","19","2","2","2","","","","","","","","","","","","","","",309,3.75,4
"381","55","52","15","88","7","20","20","","","","","","","","","","","","","","","","77","73","15","95","25","11","50","2","2","I thought the information provided in the exercise was very interesting as well as eye opening. ","18","2","1","1",310,3.375,4
"382","71","100","50","100","44","45","50","71","100","39","100","44","48","100","71","2","2","I liked creating my own health care plan. It is a good exercise to see your health care standards.","18","2","2","1","","","","","","","","","","","","","","",311,4,5
"383","65","14","30","69","50","31","6","","","","","","","","","","","","","","","","81","100","0","91","100","91","71","2","2","I think that it makes it obvious that educating people on political topics can change their opinion in a very short amount of time. ","18","2","1","1",312,4.375,7
"384","74","98","34","100","39","41","53","","","","","","","","","","","","","","","","100","100","39","100","43","44","68","2","2","I liked this exercise, it is a great way to see where people stand in their beliefs on health care.","18","2","2","1",313,4.5,3
"387","100","100","0","100","100","60","90","100","100","0","100","100","60","100","100","2","2","I think it is important because avoiding the doctor because of a lack of universal healthcare is dangerous and inhumane.","18","1","1,2","1","","","","","","","","","","","","","","",314,4.25,6
"388","100","100","0","100","100","19","20","100","100","0","100","70","20","100","50","1","2","Too complicated for such a short study","20","2","1","2","","","","","","","","","","","","","","",315,5,4
"389","80","95","10","100","70","55","50","90","100","5","100","31","50","90","90","2","2","It was eye opening and interesting to try and cover what is needed within the budget. ","18","2","1","1","","","","","","","","","","","","","","",316,3.5,5
"390","10","40","30","65","10","5","10","","","","","","","","","","","","","","","","10","60","15","70","40","15","10","2","2","Although I did learn a bit about UHC, I would like to know more about how it would be implemented, as well as how it would affect things like taxes and current insurance rates. ","18","2","1","1",317,4.375,6
"391","74","85","24","80","81","63","51","","","","","","","","","","","","","","","","60","82","22","80","71","75","57","2","2","its important to educate people on what universal health care means.","22","2","1","3",318,4,3
"392","55","100","0","100","100","75","75","55","100","0","100","65","55","100","70","2","2","I feel that although Universal Healthcare may pose some difficulties, I still think it would be beneficial. Everyone has different needs, so if we spread the funding out, I think it could work. I personally do not need much care, other than mental health and pharmacy, but I know there are many people who need more, and they should be able to get the care they need.","18","2","1","1","","","","","","","","","","","","","","",319,3,7
"393","50","40","65","68","60","46","47","","","","","","","","","","","","","","","","61","70","36","81","67","71","70","2","2","I thought it was very educational and insightful","18","2","1","1",320,3.875,3
"394","62","61","50","60","61","30","20","61","62","50","50","60","10","60","60","2","2","It helped me understand how insurance is spread out among many different parts of the healthcare system. ","19","2","1","1","","","","","","","","","","","","","","",321,3.5,4
"395","50","36","23","54","50","55","43","55","46","57","39","65","44","65","57","2","2","I found it to be informative","18","2","1","1","","","","","","","","","","","","","","",322,3.875,2
"398","50","62","45","75","50","45","45","","","","","","","","","","","","","","","","50","75","40","55","60","60","60","2","2","It seems very informative and pretty basic to understand.","18","2","1","1",323,4.75,4
"399","1","9","51","40","50","20","20","","","","","","","","","","","","","","","","3","3","64","47","5","26","9","2","2","I believe it spoke much of the problems with health care but nothing of the feasible solutions. The 2013 Obama care certainly was not a feasible solution","21","1","1","4",324,4.5,6
"400","52","63","57","89","50","53","28","50","49","63","100","42","34","81","66","2","2","Eyeopening ","18","2","1","1","","","","","","","","","","","","","","",325,3.875,5
"401","69","85","29","100","15","15","15","","","","","","","","","","","","","","","","45","93","23","100","12","11","16","2","2","I thought it was beneficial and important ","18","2","1","1",326,3.125,2
"402","2","82","31","100","100","86","11","2","100","95","84","99","9","82","63","2","2","great","18","1","2","1","","","","","","","","","","","","","","",327,2.375,0
"404","80","61","56","30","19","30","10","","","","","","","","","","","","","","","","50","40","51","100","9","9","10","2","2","i didnt quite realize how many people struggle because they do not have health care ","18","2","1","1",328,2.5,4
"405","30","50","80","50","20","20","20","50","70","70","76","35","10","67","70","2","1","You can get full coverage if you just choose basic coverage.","18","1","1","1","","","","","","","","","","","","","","",329,4.375,4
"406","73","39","66","44","58","25","35","56","32","52","53","53","55","55","51","2","2","I learned about universal health cafre","18","1","1","1","","","","","","","","","","","","","","",330,5.25,6
"407","100","100","0","100","100","100","100","","","","","","","","","","","","","","","","100","100","0","100","100","100","100","2","2","It is very interesting to see the numerical data supporting UHC. I don't see how anyone wouldn't support it after reading the infographics.","18","1","1","1",331,5.125,8
"408","80","87","83","6","42","4","41","28","34","79","19","57","21","31","19","2","2","Would like to be provided more info about universal health care because a lot of 18 year olds dont know much about it","18","1","1","1","","","","","","","","","","","","","","",332,3.75,5
"409","89","90","1","100","98","97","93","99","100","1","100","100","52","92","70","2","2","very interesting","18","2","1","1","","","","","","","","","","","","","","",333,4.625,4
"411","12","80","64","100","100","100","98","","","","","","","","","","","","","","","","45","54","56","81","83","85","94","2","2","good","19","2","1","1",334,3.375,1
"412","65","60","56","49","50","45","68","","","","","","","","","","","","","","","","89","88","95","91","88","87","88","2","2","good","19","2","1","1",335,2.5,2
"413","54","40","37","52","81","50","32","49","27","70","65","40","60","50","56","2","2","I wasn't sure on a lot of my answers","18","2","1","1","","","","","","","","","","","","","","",336,3.875,4
"414","50","100","0","100","84","31","2","89","100","0","100","100","51","100","100","2","1","Informative ","18","2","1,3","1","","","","","","","","","","","","","","",337,3.5,6
"415","100","100","16","100","49","46","50","","","","","","","","","","","","","","","","100","100","50","100","100","67","55","2","2","interesting","18","1","1","1",338,5,1
"416","43","34","81","39","76","50","50","40","19","79","54","40","50","50","86","2","1","I like it because it really indulged into everything that may happen and that healthcare has to offer","19","2","1","2","","","","","","","","","","","","","","",339,5.125,5
"417","50","50","60","70","50","50","40","50","50","60","40","50","40","51","70","2","2","I thought it was interesting to build my own plan and see how everything goes into affect ","19","2","1","1","","","","","","","","","","","","","","",340,3.75,2
"418","52","80","41","72","71","51","50","","","","","","","","","","","","","","","","71","92","71","92","91","60","71","2","2","I think the infographics were very engaging while also being very informative and definitely swayed some of my views in a very short amount of time.","19","2","1","1",341,4.375,6
"419","41","19","47","16","20","31","22","13","6","100","20","20","100","10","100","2","2","I believe that if people want to be secured medically, they should get a job and work for their safety.","18","2","1","1","","","","","","","","","","","","","","",342,3.75,0
"420","70","90","9","88","91","91","92","","","","","","","","","","","","","","","","95","97","95","95","98","99","100","2","1","It makes me sad because of how many people need help but greed seems to be the reason we don't have universal healthcare. I have been to Europe and utilized their doctors, and stuff that would have cost me a fortune to do in America was practically free. ","22","1","1","4",343,3.75,3
"421","30","52","5","35","28","32","62","29","42","18","28","34","36","44","44","2","2","It really puts everything into perspective.","19","2","1","1","","","","","","","","","","","","","","",344,4,4
"422","0","1","1","1","3","72","90","","","","","","","","","","","","","","","","1","1","30","1","90","69","69","2","1","I thought the questions were very leading and didn't offer an option that didn't support your narrative. Such as why universal healthcare was designed. It is designed to make citizens more dependent upon government, rather than independent of government.","18","1","1","1",345,5.875,5
"423","70","50","40","35","40","21","30","50","60","65","30","45","25","55","50","2","2","Very interesting to see the importance of health care","19","2","1,4","2","","","","","","","","","","","","","","",346,5.75,6
"425","6","36","67","19","45","13","17","22","49","67","15","28","15","29","35","2","2","It was interesting and made me think about what I value. ","20","1","1","2","","","","","","","","","","","","","","",347,3.875,6
"426","55","75","10","65","25","20","22","","","","","","","","","","","","","","","","55","81","5","85","75","25","25","2","2","I definitely think the information provided strengthened the opinions I already had about universal health care. I am still aware of a few possible counterarguments from those opposed to universal health care, but the information provided had me thinking more about the benefits of it.","18","1","1","1",348,4.625,6
"427","31","43","39","41","36","36","67","34","35","48","51","66","63","79","76","2","1","Interesting","18","2","6","1","","","","","","","","","","","","","","",349,4,1
"428","61","70","17","51","60","39","60","","","","","","","","","","","","","","","","80","61","19","60","81","70","72","2","2","It is very insightful to learn about all the benefits of universal health care","19","1","3","1",350,3.875,7
"429","91","100","0","97","98","98","44","","","","","","","","","","","","","","","","100","100","0","100","100","100","87","2","2","I thought the information was very important and was delivered in a way that was very easy to understand.","20","2","1","2",351,5.25,4
"431","51","70","17","57","55","50","50","50","61","9","64","59","50","56","50","2","1","Insight on what people may deem as a need or right ","18","2","1,2","1","","","","","","","","","","","","","","",352,3.25,2
"432","71","71","20","67","83","81","83","70","69","19","60","71","65","65","50","2","2","Realized that it will cost a lot of money so only the bare eseentials for not-as-important things don't need to be prioritized ","19","1","3","1","","","","","","","","","","","","","","",353,4,7
"433","85","90","10","95","81","70","80","","","","","","","","","","","","","","","","95","95","1","95","90","86","87","2","2","It was very informative, I supported ACA/UHC before but that had even more information that I never even thought of and makes me more confident this is what we need to have in this country.","18","2","1","1",354,4.75,7
"435","50","87","29","83","73","50","29","","","","","","","","","","","","","","","","58","66","40","83","63","48","43","2","1","I'm wondering what the purpose of it was","19","1","1","1",355,4.5,7
"436","63","59","16","61","64","60","67","72","68","24","65","73","64","67","56","2","2","That healthcare isn't the silver bullet for everything. some stuff have have to be given up","19","1","3","1","","","","","","","","","","","","","","",356,3.875,6
"437","9","1","75","50","40","40","80","1","30","75","50","51","62","30","61","2","2","It was good to make a health plan, but it really only seemed like I prioritized needs that are evident to myself and family.","19","1","1","1","","","","","","","","","","","","","","",357,5,5
"439","100","100","0","98","70","6","3","","","","","","","","","","","","","","","","100","100","0","100","98","59","34","2","2","I am very tired but Hell Yea","19","3","1","1",358,3.875,6
"442","55","70","45","64","60","50","40","","","","","","","","","","","","","","","","45","70","55","72","18","40","26","2","2","My thoughts on this is that this exercise was made to challenge and change your ideas and views based on showing you one opinion. ","18","2","1","1",359,4.375,6
"446","20","89","30","61","30","9","20","20","90","32","91","42","33","95","81","1","2","It's a good way to think about our current healthcare","18","2","1","1","","","","","","","","","","","","","","",360,3.5,5
"449","83","100","8","90","89","93","93","","","","","","","","","","","","","","","","90","93","91","100","98","90","92","2","1","Republicans are evil","22","1","1,2","4",361,4.125,4
"450","30","19","81","25","51","41","40","28","20","81","24","50","41","21","30","2","2","Liked it","20","2","1","2","","","","","","","","","","","","","","",362,3.375,5
"451","6","8","100","19","19","86","86","","","","","","","","","","","","","","","","11","11","100","27","12","98","97","2","2","doesnt change my mind","19","2","1","1",363,4.25,5
"455","58","100","57","100","55","70","27","52","51","70","95","91","38","84","48","2","1","Got a lot of information","18","2","1","1","","","","","","","","","","","","","","",364,5.25,3
"456","50","70","29","60","80","50","50","40","46","14","76","52","74","56","75","2","2","I thought they were interesting ","18","2","1","1","","","","","","","","","","","","","","",365,3,1
"457","36","42","28","50","50","74","52","","","","","","","","","","","","","","","","37","56","50","49","50","50","51","2","2","I liked it a lot","18","2","1","1",366,1,1
"458","71","81","40","89","64","82","58","77","78","72","95","53","76","61","78","2","2","It made me think about my future with health care and how important it is in every humans life. ","19","2","1","1","","","","","","","","","","","","","","",367,2.75,5
"461","68","62","45","65","51","38","40","60","70","50","71","50","40","60","50","2","2","It showed me the importance of healthcare and how much everyone needs it","19","2","1,4","2","","","","","","","","","","","","","","",368,6,5
"463","50","82","1","100","99","1","1","","","","","","","","","","","","","","","","1","79","1","100","1","2","2","2","2","good","18","2","1","1",369,3.125,5
"464","36","46","63","84","68","58","44","56","61","20","91","75","16","41","53","2","2","Interesting, I never really gave enough thought into health care before this experement ","","","","","","","","","","","","","","","","","","",370,4.5,4
"465","72","83","48","92","72","25","10","","","","","","","","","","","","","","","","92","94","9","100","97","92","94","2","2","I like the descriptions from the flyers about the healthcare systems and the need for basic and inherent health care. it was very informative.","18","2","1","1",371,4.75,5
"469","30","30","50","42","50","40","30","40","30","44","48","45","14","37","61","1","2","Some important topics here ","19","1","1","2","","","","","","","","","","","","","","",372,5.125,4
"472","10","23","22","24","31","37","41","32","38","43","46","42","47","49","38","2","1","WIsh is was that easy","20","2","2","3","","","","","","","","","","","","","","",373,4.375,4
"473","100","100","5","100","100","100","99","50","100","3","100","100","100","100","100","2","1","I think it shines attention to a current issue that can be looked over in our country","18","2","1","1","","","","","","","","","","","","","","",374,4.125,5
"478","67","85","37","72","72","36","57","71","85","33","75","49","18","80","79","2","1","It was dificult to determine which part of your health are worth being covered in the plan or not. ","18","2","1","1","","","","","","","","","","","","","","",375,2.75,3
"486","70","50","1","100","100","1","9","","","","","","","","","","","","","","","","9","100","3","100","100","100","100","2","1","I think universal health care should be the main system of health care in the U.S. and other countries seem to know what they are doing when it comes to health care and the U.S. just needs to figure it out.","18","2","1","1",376,4.75,5
"487","50","50","50","50","50","50","50","","","","","","","","","","","","","","","","60","60","50","55","50","60","50","2","2","I never really knew much about universal health care and now I realize that it is a big topic people should be talking about.  ","18","1","1","1",377,3.5,2
"488","50","50","50","50","50","50","50","60","60","50","60","45","60","60","50","2","2","I think it is beneficial to young adults like myself","18","1","1","1","","","","","","","","","","","","","","",378,3,1
"489","41","82","10","76","55","35","51","","","","","","","","","","","","","","","","81","94","6","90","82","73","71","2","2","i think it is important for people to know","18","2","2","1",379,3.375,1
"490","20","20","85","30","39","49","50","","","","","","","","","","","","","","","","19","34","83","48","51","38","44","2","2","gave good information","18","1","1","1",380,3.75,4
"491","50","70","39","79","72","39","12","60","60","38","70","49","9","76","40","2","2","Good","18","1","1","1","","","","","","","","","","","","","","",381,3.875,3
"492","30","29","72","35","82","12","11","22","21","77","37","79","10","16","71","2","1","I don't think it addresses any of of the problems with universal health care. Such as much longer wait times, lack of competition which leads to a decrease in quality of care.","21","1","1","3","","","","","","","","","","","","","","",382,3.625,7
"493","40","79","17","99","68","9","7","","","","","","","","","","","","","","","","46","92","11","97","74","20","25","2","2","I liked all the statistics and graphics.","18","1","1","1",383,4.5,6
"494","50","45","71","56","34","10","21","","","","","","","","","","","","","","","","51","39","60","40","35","10","19","2","2","pointless and really won't persuade someone one way or the other","19","1","1","1",384,3.375,4
"495","3","5","4","40","8","29","51","4","3","51","41","20","13","24","3","2","2","annoying","19","1","1","2","","","","","","","","","","","","","","",385,5.125,2
"496","90","90","4","94","10","70","70","","","","","","","","","","","","","","","","60","100","0","100","100","100","100","2","2","It was very informative","18","2","1,5","1",386,2.625,5
"497","93","100","0","100","91","80","73","93","100","1","100","82","81","100","70","2","2","It was eye opening","19","2","1","2","","","","","","","","","","","","","","",387,4.125,3
"498","20","40","49","71","47","66","66","","","","","","","","","","","","","","","","48","73","45","75","72","72","74","2","2","I learned more about statistics on healthcare. ","18","1","1","1",388,3.5,5
"499","68","79","10","100","97","11","20","","","","","","","","","","","","","","","","45","90","8","100","30","1","15","2","1","The exercise is very informative. ","18","2","2","1",389,3,4
"500","19","51","72","18","2","8","31","19","29","50","9","19","20","40","20","2","1","Very eye opening ","21","1","1","3","","","","","","","","","","","","","","",390,2.375,2
"501","40","100","10","40","60","60","60","30","100","10","30","100","60","100","70","2","2","Effective with the information given, however does not illustrate just how complex the issue of health care is regarding economics and issues of private healthcare options as well. ","19","1","1","1","","","","","","","","","","","","","","",391,4.875,6
"502","81","100","9","100","100","40","30","","","","","","","","","","","","","","","","100","100","10","100","31","30","51","2","1","Very informative","19","2","3","1",392,5.75,4
"503","68","98","6","100","100","100","100","84","86","22","73","91","85","72","81","1","1","It’s hard to cover for everything that could be necessary and there are pitfalls in healthcare with anything less then a universal system. ","18","1","1,3","1","","","","","","","","","","","","","","",393,4.875,7
"504","49","49","48","49","50","49","50","","","","","","","","","","","","","","","","50","48","50","50","50","50","50","2","2","Shocked","19","1","1","2",394,4.75,3
"505","36","46","60","35","53","52","58","42","51","57","51","45","46","47","46","1","1","good","18","2","1","1","","","","","","","","","","","","","","",395,3.875,1
"506","51","40","60","91","82","27","29","","","","","","","","","","","","","","","","45","67","36","95","24","23","30","2","2","Very eye opening.  I didn't realize how many people weren't able to afford health care","18","1","1","1",396,4.875,6
"507","28","31","45","10","3","2","1","7","5","13","10","11","10","13","6","2","2","it was interesting ","19","1","1","2","","","","","","","","","","","","","","",397,4.5,3
"508","90","90","5","100","90","30","20","","","","","","","","","","","","","","","","90","90","4","100","95","40","50","2","2","I thought it was very straightforward and informational","19","1","1","1",398,5.125,6
"509","52","92","10","100","30","29","48","","","","","","","","","","","","","","","","50","31","8","100","26","25","61","2","2","It really makes you think about how the government really works. ","18","2","1","1",399,5.125,3
"510","50","60","30","76","30","35","35","50","80","40","91","36","37","80","74","2","2","interesting","18","1","1","1","","","","","","","","","","","","","","",400,4.25,4
"511","100","100","0","100","0","0","0","100","100","0","100","0","0","100","100","2","2","Unrealistic","20","1","1","3","","","","","","","","","","","","","","",401,5.25,8
"512","1","20","50","100","1","2","2","","","","","","","","","","","","","","","","3","30","20","81","2","4","3","1","2","I feel that the information provided only tells a one sided narrative that is not consistent with that happened when the affordable care act was in place.  ","21","1","1","3",402,4.875,4
"513","50","40","80","50","40","20","50","50","60","40","60","39","20","60","60","2","2","Shocking ","18","2","1","1","","","","","","","","","","","","","","",403,4.25,6
"514","0","60","51","50","30","40","29","29","50","50","51","49","49","61","40","1","2","difficult","24","2","3","3","","","","","","","","","","","","","","",404,3.875,2
"515","61","89","30","78","48","72","49","","","","","","","","","","","","","","","","81","100","9","78","49","85","64","2","2","I support Universal Healthcare.","18","2","1","1",405,4.5,6
"516","51","40","76","35","22","36","21","","","","","","","","","","","","","","","","40","65","63","36","25","21","20","2","2","Opened my eyes to the health care system and the changes it needs to undergo. ","19","2","1","1",406,4,4
"517","81","90","16","78","94","50","51","85","91","20","92","90","50","78","42","2","2","Informational","19","2","1","1","","","","","","","","","","","","","","",407,3.125,4
"518","60","100","30","100","20","50","10","","","","","","","","","","","","","","","","40","100","20","100","100","60","50","2","2","good","18","2","1","1",408,4.25,4
"519","22","100","25","100","65","12","14","23","100","24","99","22","9","100","64","2","2","Certain things need more attention than others, but all of them are important for people.","18","2","3","1","","","","","","","","","","","","","","",409,4.125,4
"520","81","100","1","100","100","62","39","","","","","","","","","","","","","","","","81","100","0","100","100","88","75","2","2","we've needed universal HC for a while now","20","1","6","3",410,5.25,6
"521","10","30","50","60","40","40","40","","","","","","","","","","","","","","","","60","60","50","75","70","70","60","2","2","Helps people realize the importance of UHC who were previously uneducated on the topic.","19","1","1","1",411,4,4
"523","50","30","50","50","30","50","50","50","51","50","50","30","50","50","30","2","2","I've haven't learned much about it so I am 50/50 on a lot of things.","18","2","1","1","","","","","","","","","","","","","","",412,4.625,4
"524","51","61","40","50","75","4","43","51","51","50","50","50","50","50","50","2","2","I do not have a good enough understanding of the current health care situation in our country to have a valid opinion on the topic","18","1","1","1","","","","","","","","","","","","","","",413,5.125,6
"525","80","89","89","91","76","84","88","","","","","","","","","","","","","","","","88","94","92","92","92","91","90","2","2","I think it was very interesting ti see the statistical facts","19","1","1,2","2",414,4.125,3
"526","35","74","18","68","51","21","12","6","79","13","56","56","9","89","70","2","1","It was simple","18","1","3","1","","","","","","","","","","","","","","",415,5.125,6
"529","70","66","20","90","66","12","34","60","66","18","96","66","19","75","39","2","2","It was interesting because I do not have to think about the topic often.","19","2","1,5","2","","","","","","","","","","","","","","",416,5,6
"536","70","82","74","93","33","51","51","69","83","73","100","50","50","72","73","2","2","gave a good look at how people that are less fortunate live","20","1","1","2","","","","","","","","","","","","","","",417,3.875,5
"539","38","54","34","50","26","9","20","","","","","","","","","","","","","","","","50","60","19","50","30","30","40","2","2","interesting","19","1","1","2",418,4.25,3
