"","X.1","X","Pre_P1","Pre_P2","Pre_P3","Pre_P4","Pre_Med_P5","Pre_Med_P6","Pre_Med_P7","Post_Int_Accept_1","Subject","SNS_score","RNS_score","condition","P1","P2","P3","P4","Post_Med_A","Post_Med_B_1","Post_Med_B_2","ins_score_1","ins_score_2","Age","Gender","Race","School_Year","Free_Response","Prescore","Postscore","Pre_Equality","Post_Equality","Pre_Understanding","Post_Understanding"
"1",1,11,46,67,40,50,0,0,0,50,8,NA,NA,"Intervention",40,21,31,60,0,0,81,"No","No",19,"Female","White","Sophmore","It was very insightful to learn more about healthcare and insurance ",55.75,47.5,0,0,0,40.5
"2",2,13,55,80,30,30,50,44,33,80,10,NA,NA,"Intervention",50,75,30,45,30,70,75,"No","Yes",18,"Female","White","Freshman","It was very straightforward and enlightening. ",58.75,60,50,30,38.5,72.5
"3",3,15,85,100,25,100,100,10,10,70,12,NA,NA,"Intervention",100,100,15,100,100,15,100,"No","No",18,"Male","White","Freshman","It was fine, kinda interesting opened my eyes to the ammount of insurance that I will need ",90,96.25,100,100,10,57.5
"4",4,17,65,90,10,70,50,20,30,90,14,NA,NA,"Intervention",70,90,10,86,50,10,78,"No","No",18,"Female","White","Freshman","I feel very privileged, and feel like I need to do research on our universal healthcare system to see if its fair in my eyes.",78.75,84,50,50,25,44
"5",5,19,55,70,60,80,20,10,10,50,16,NA,NA,"Intervention",50,70,70,80,20,10,70,"No","No",21,"Male","White","Senior","I think everyone should have a right to be healthy however it does suck that other people have to pay for it from there own money they make :( Also the government sucks at most things they do I wouldnt trust my healthcare with them...",61.25,57.5,20,20,10,40
"6",6,20,100,100,1,100,65,58,45,100,17,NA,NA,"Intervention",100,100,1,99,25,5,100,"No","Yes",20,"Female","White","Junior","You can't have everything that you want",99.75,99.5,65,25,51.5,52.5
"7",7,22,71,91,41,71,50,20,20,82,19,NA,NA,"Intervention",71,82,51,81,50,20,71,"No","No",18,"Female","APAC","Freshman","I thought it was informative in telling you what goes into healthcare and how you cannot cover everything.",73,70.75,50,50,20,45.5
"8",8,24,30,35,80,10,30,50,50,61,21,NA,NA,"Intervention",30,19,75,40,50,50,19,"No","No",18,"Female","White","Freshman","I think this is a great way to get people to understand what goes into the government paying for medical bills. ",23.75,28.5,30,50,50,34.5
"9",9,26,50,75,40,60,60,20,20,65,23,NA,NA,"Intervention",60,80,10,75,60,50,75,"No","No",18,"Female","APAC","Freshman","Some categories were easy to prioritize, but others were harder based on how it could help our society as a whole.",61.25,76.25,60,60,20,62.5
"10",10,27,93,94,3,100,77,62,63,84,24,NA,NA,"Intervention",85,92,2,100,85,56,99,"No","No",20,"Female","White","Freshman","It was difficult to figure out what was most important in a plan.",96,93.75,77,85,62.5,77.5
"11",11,28,85,90,10,100,25,25,30,66,25,NA,NA,"Intervention",85,85,9,100,39,18,92,"No","No",18,"Female","White","Freshman","I think it made me realize the amount of things that go into a health care plan and that it's hard to put everything you need into a single healthcare plan.",91.25,90.25,25,39,27.5,55
"12",12,31,90,90,5,100,90,100,90,95,28,NA,NA,"Intervention",90,95,2,100,95,80,92,"No","No",18,"Female","White","Freshman","Healthcare is an essential service and the medical advances that we have are a blessing that should be shared. ",93.75,95.75,90,95,95,86
"13",13,32,30,60,40,80,20,20,20,50,29,NA,NA,"Intervention",40,60,40,80,40,20,40,"No","No",18,"Male","White","Freshman","Fairly interesting in completing the tables, and opened my mind a little more",57.5,60,20,40,20,30
"14",14,33,50,100,0,100,51,50,50,70,30,NA,NA,"Intervention",50,100,0,100,52,49,50,"Yes","No",18,"Female","Hispanic/Latino","Freshman","it makes me think about something I really don't  think about much often.",87.5,87.5,51,52,50,49.5
"15",15,34,55,56,46,66,40,61,61,80,31,NA,NA,"Intervention",69,61,51,71,78,74,51,"No","No",18,"Female","White","Freshman","I realized the importance of having health care and how controversial the health care system is set up now. ",57.75,62.5,40,78,61,62.5
"16",16,37,66,71,62,82,20,9,8,50,34,NA,NA,"Intervention",57,71,69,81,8,4,76,"Yes","Yes",19,"Female","White","Sophmore","universal healthcare isn't that straight forward",64.25,60,20,8,8.5,40
"17",17,39,70,65,20,70,35,40,40,94,36,NA,NA,"Intervention",76,71,0,88,50,51,92,"Yes","No",24,"Male","White","Other","I thought it was very interesting.",71.25,83.75,35,50,40,71.5
"18",18,42,70,60,40,70,70,30,40,70,39,NA,NA,"Intervention",50,70,40,60,60,40,40,"No","No",19,"Male","White","Sophmore","It helped me realize what goes into healthcare",65,60,70,60,35,40
"19",19,44,50,40,50,40,30,40,50,30,41,NA,NA,"Intervention",50,40,50,40,40,50,40,"No","Yes",18,"Male","White","Freshman","It was good as I got to explore about universal health care",45,45,30,40,45,45
"20",20,45,70,90,5,75,60,20,20,95,42,NA,NA,"Intervention",80,92,5,80,70,20,92,"No","No",18,"Female","White","Freshman","It wasn't as difficult of a choice as I was expecting",82.5,86.75,60,70,20,56
"21",21,47,60,91,16,90,44,27,19,90,44,NA,NA,"Intervention",55,88,16,93,33,20,87,"No","Yes",18,"Male","White","Freshman","I wish that I could sign up for insurance and etc. as straight forward as this.",81.25,80,44,33,23,53.5
"22",22,49,100,100,0,100,100,100,100,100,46,NA,NA,"Intervention",100,100,0,100,100,100,100,"No","Yes",18,"Female","Black","Freshman","Universal Health Care is vital to our society",100,100,100,100,100,100
"23",23,50,3,58,75,100,100,89,100,49,47,NA,NA,"Intervention",3,55,66,100,100,100,83,"No","No",18,"Female","White","Freshman","Pretty well thought questions",46.5,48,100,100,94.5,91.5
"24",24,52,78,93,30,100,11,50,25,92,49,NA,NA,"Intervention",80,70,81,100,48,30,100,"No","No",18,"Male","APAC,Hispanic/Latino","Freshman","This opened up my perspective on health care.",85.25,67.25,11,48,37.5,65
"25",25,53,82,100,2,93,50,50,54,40,50,NA,NA,"Intervention",53,98,1,91,25,4,86,"No","No",19,"Female","White","Sophmore","it was much more difficult than I thought it was going to be; I had to compromise points in some places to be able to get at least basic coverage in other areas",93.25,85.25,50,25,52,45
"26",26,57,50,69,59,80,70,50,51,50,53,NA,NA,"Intervention",60,71,51,75,60,51,71,"No","No",18,"Female","White","Freshman","It was extremely hard to not choose high for every option because it really does seem like the morally right option.",60,63.75,70,60,50.5,61
"27",27,58,75,100,0,100,100,50,75,90,54,NA,NA,"Intervention",60,100,0,100,100,50,100,"No","Yes",19,"Female","White","Sophmore","This gave me a new perspective on how insurance policies are implemented.",93.75,90,100,100,62.5,75
"28",28,60,73,96,15,100,95,35,38,80,56,NA,NA,"Intervention",77,98,16,100,98,12,97,"Yes","No",20,"Male","White","Junior","enjoyed it, overall I believe that there should be Universal Health Care, but I did not realize how complicated it was. This exercise showed me how complicated it will be if the US decides to go through with something like this.",88.5,89.75,95,98,36.5,54.5
"29",29,67,50,82,41,55,52,44,60,48,58,NA,NA,"Intervention",49,51,49,50,50,49,52,"No","No",20,"Female","White","Junior","I thought it was very interesting and i really enjoyed it",61.5,50.25,52,50,52,50.5
"30",30,69,47,91,79,90,49,47,42,89,60,NA,NA,"Intervention",35,82,45,90,52,47,88,"No","Yes",18,"Female","Black","Freshman","I think it was very informational.",62.25,65.5,49,52,44.5,67.5
"31",31,72,55,73,40,87,63,50,51,30,63,NA,NA,"Intervention",81,71,40,91,50,61,71,"No","No",18,"Female","White","Freshman","I never realized how expensive all of the insurances added up was.  ",68.75,75.75,63,50,50.5,66
"32",32,74,10,20,75,50,25,10,15,9,65,NA,NA,"Intervention",19,15,71,45,24,30,19,"No","No",19,"Female","Other","Sophmore","I don't think Universal Health Care should be implemented.",26.25,27,25,24,12.5,24.5
"33",33,75,50,44,30,100,25,5,3,45,66,NA,NA,"Intervention",50,58,23,100,16,5,60,"No","No",18,"Female","White","Freshman","I do not know much about medical insurance because I have never had to worry about it personally",66,71.25,25,16,4,32.5
"34",34,80,70,64,66,82,62,70,74,79,69,NA,NA,"Intervention",75,74,61,88,73,78,78,"Yes","No",37,"Female","APAC","Junior","knowledgable ",62.5,69,62,73,72,78
"35",35,84,81,100,1,95,100,90,100,98,71,NA,NA,"Intervention",87,100,1,100,100,91,100,"No","No",20,"Female","White,Hispanic/Latino","Sophmore","I think it is important. People should have to think about these questions, especially privileged people such as myself.",93.75,96.5,100,100,95,95.5
"36",36,87,33,45,75,50,55,19,10,78,73,NA,NA,"Intervention",35,40,75,40,45,15,50,"No","Yes",19,"Female","White","Sophmore","Does not give the whole picture of affordable care act and what all is does to every american, not just the ones getting the medical care coverage.",38.25,35,55,45,14.5,32.5
"37",37,88,66,60,0,10,20,0,0,51,74,NA,NA,"Intervention",66,66,0,90,14,10,40,"No","No",18,"Male","White","Freshman","It made me realize that universal healthcare, although not perfect, will save lives and create a better America for the next generations.",59,80.5,20,14,0,25
"38",38,91,50,50,51,100,50,50,50,50,76,2.875,1,"Intervention",50,51,50,50,50,40,40,"No","No",19,"Female","White","Freshman","Didn't now all what goes into health expenses",62.25,50.25,50,50,50,40
"39",39,92,40,65,65,50,20,10,20,25,77,5.125,7,"Intervention",32,71,55,60,10,20,69,"Yes","No",18,"Male","White","Freshman","It was difficult to determine what was best not only for me but for everyone",47.5,52,20,10,15,44.5
"40",40,94,91,100,2,88,100,88,81,60,79,3.125,5,"Intervention",95,100,1,94,100,81,95,"No","No",18,"Female","White","Freshman","I thought it was informative and offered insight into the costs of health insurance.",94.25,97,100,100,84.5,88
"41",41,96,40,61,82,38,38,21,35,60,81,2.875,2,"Intervention",49,67,22,39,40,28,63,"No","No",19,"Female","Hispanic/Latino","Sophmore","I found it hard to only have 47pts.",39.25,58.25,38,40,28,45.5
"42",42,100,100,90,35,100,20,0,1,50,83,3.375,4,"Intervention",100,93,9,100,1,2,1,"No","No",19,"Female","White","Freshman","eye-opening",88.75,96,20,1,0.5,1.5
"43",43,101,70,59,77,100,10,73,31,71,84,3.375,5,"Intervention",55,88,47,100,38,51,88,"No","No",19,"Male","White","Freshman","It was an interesting way to state your opinion through healthcare.",63,74,10,38,52,69.5
"44",44,103,71,42,51,50,25,2,12,57,86,3.625,2,"Intervention",66,38,46,50,36,31,53,"No","No",19,"Male","White,Hispanic/Latino","Freshman","It was intresting because it made me think how I would want things covered. I have CF so I know what it's like to have an expensive medicine and problems with the insurance company.  ",53,52,25,36,7,42
"45",45,105,53,55,55,53,49,51,52,55,88,5,5,"Intervention",52,49,52,55,54,55,54,"No","No",18,"Female","APAC","Freshman","I think it shows how much insurance costs and how important a health care plan is",51.5,51,49,54,51.5,54.5
"46",46,108,84,100,13,100,100,0,0,82,91,4.75,6,"Intervention",83,100,9,100,92,0,100,"No","Yes",18,"Male","White","Freshman","It gives good insight on the state and use of healthcare",92.75,93.5,100,92,0,50
"47",47,110,50,100,50,100,50,50,30,40,93,4.5,5,"Intervention",30,100,50,100,30,60,100,"Yes","No",19,"Female","White","Sophmore","It was alot to take in because I knew less about the subject than I previously thought.",75,70,50,30,40,80
"48",48,112,12,33,29,76,85,88,91,70,95,5.125,4,"Intervention",4,29,25,100,15,84,77,"No","Yes",18,"Female","White","Freshman","health care will always be very important to me",48,52,85,15,89.5,80.5
"49",49,114,64,61,20,61,40,20,11,50,96,2.875,5,"Intervention",50,62,17,63,51,21,58,"No","Yes",21,"Female","Black","Junior","Interesting to think about ",66.5,64.5,40,51,15.5,39.5
"50",50,117,50,40,50,60,42,35,44,80,98,4.75,6,"Intervention",60,61,38,61,50,41,73,"No","No",18,"Female","White","Freshman","weird to see what you have to pick and choose from because the future is unpredictable",50,61,42,50,39.5,57
"51",51,118,50,81,30,100,71,90,40,61,99,4,4,"Intervention",50,81,30,100,71,81,71,"No","No",18,"Female","White","Freshman","There is a lot that health insurance covers and it is not affordable for all ",75.25,75.25,71,71,65,76
"52",52,123,0,81,100,100,30,50,9,100,102,4.25,2,"Intervention",100,100,100,100,10,9,100,"No","No",18,"Female","Black","Freshman","Interesting",45.25,75,30,10,29.5,54.5
"53",53,127,100,100,4,100,8,6,10,100,105,3.75,5,"Intervention",100,100,1,100,8,4,100,"No","No",20,"Female","White","Junior","it was hard to pick what was the most important",99,99.75,8,8,8,52
"54",54,129,50,92,8,75,81,65,55,87,107,5.125,4,"Intervention",50,86,9,84,86,62,90,"No","No",NA,"Female","Other","Freshman","Makes me rethink how others without insurance values certain medical services",77.25,77.75,81,86,60,76
"55",55,130,100,93,1,97,70,58,72,64,108,4.375,5,"Intervention",95,93,11,92,62,50,79,"Yes","No",18,"Female","White,American Indian/Alaska Native","Freshman","Informative on what is being payed for",97.25,92.25,70,62,65,64.5
"56",56,132,90,100,1,100,100,80,80,100,110,4.875,6,"Intervention",90,100,1,100,100,90,100,"No","No",20,"Male","White","Junior","It was alright, just wish the mini list we filled out could actually happen",97.25,97.25,100,100,80,95
"57",57,134,85,94,2,86,68,30,66,53,112,5,7,"Intervention",69,94,2,91,52,36,82,"No","No",18,"Female","Other","Freshman","Universal health care is incredibly important to me, and I would entirely support a bill that allowed for religious/cultural exemptions",90.75,88,68,52,48,59
"58",58,136,30,30,97,28,6,6,52,1,114,4.625,6,"Intervention",29,31,97,19,36,50,25,"No","No",18,"Male","White","Freshman","Teachs you quite a bit",22.75,20.5,6,36,29,37.5
"59",59,137,41,76,39,93,26,34,14,67,115,4.125,5,"Intervention",43,77,43,85,34,12,80,"No","No",18,"Female","White","Freshman","I think it is important that everyone has access to not only equal, and affordable healthcare, but also quality healthcare is important.",67.75,65.5,26,34,24,46
"60",60,140,75,100,10,100,100,100,100,60,118,3.75,6,"Intervention",80,100,6,100,100,100,100,"No","Yes",18,"Female","White","Freshman","very difficult ",91.25,93.5,100,100,100,100
"61",61,141,50,50,80,80,70,71,51,50,119,4.125,2,"Intervention",50,70,80,80,50,50,80,"No","No",19,"Female","White","Sophmore","I honestly dont know much about health care ",50,55,70,50,61,65
"62",62,143,40,51,90,71,38,41,41,39,121,2.875,3,"Intervention",95,92,50,74,85,53,80,"No","No",19,"Female","White","Freshman","It surprised me",43,77.75,38,85,41,66.5
"63",63,146,48,27,32,56,33,74,64,44,123,3.625,0,"Intervention",60,60,27,41,47,41,56,"No","No",20,"Male","White","Junior","helpful",49.75,58.5,33,47,69,48.5
"64",64,148,50,29,62,65,51,50,51,61,125,4.375,5,"Intervention",50,65,60,71,50,40,65,"No","Yes",19,"Male","White","Sophmore","This exercise makes you really look at universal health care.",45.5,56.5,51,50,50.5,52.5
"65",65,149,100,70,10,57,22,11,19,53,126,5.125,5,"Intervention",50,45,71,45,23,22,50,"No","No",18,"Female","White","Freshman","i didn’t know what some of the questions were asking",79.25,42.25,22,23,15,36
"66",66,151,50,92,2,91,91,40,40,100,128,3.875,6,"Intervention",91,100,0,97,98,53,100,"No","Yes",18,"Female","White","Freshman","I didn't find it hard to complete the 47 points exercise which made my belief in universal healthcare stronger",82.75,97,91,98,40,76.5
"67",67,152,2,6,100,5,2,3,4,100,129,2.875,2,"Intervention",2,3,100,5,6,8,6,"No","No",20,"Male","White","Sophmore","It is okay",3.25,2.5,2,6,3.5,7
"68",68,155,50,31,62,40,50,33,41,46,131,3.75,3,"Intervention",50,43,59,42,45,31,37,"No","No",18,"Female","White","Freshman","It is intresting to see all of the things that is covered in health care and I didn't realize how it all adds up so fast like that. ",39.75,44,50,45,37,34
"69",69,159,80,91,15,70,86,19,32,61,134,4.125,3,"Intervention",87,81,14,75,80,21,81,"No","No",18,"Female","Black","Freshman","It was challenging",81.5,82.25,86,80,25.5,51
"70",70,160,100,100,0,80,0,20,30,80,135,4.625,4,"Intervention",100,100,0,100,0,20,100,"No","No",18,"Female","White","Freshman","It was interesting to see the different categories that are considered when talking about health benefits and it was hard to pick which ones were more important because I feel like all of them are essential to some extent ",95,100,0,0,25,60
"71",71,166,100,100,0,100,100,100,61,100,139,5.375,4,"Intervention",100,100,0,100,100,71,100,"No","No",19,"Male","White","Freshman","informative",100,100,100,100,80.5,85.5
"72",72,168,3,17,72,64,3,3,45,10,140,4.625,5,"Intervention",3,13,74,44,14,44,29,"Yes","No",20,"Female","White","Junior","I think a lot of these questions are phrased in a way to get a specific response.",28,21.5,3,14,24,36.5
"73",73,175,30,50,10,50,30,11,10,75,141,3.875,4,"Intervention",10,29,30,50,30,10,30,"No","No",19,"Female","White","Freshman","It was quick and simple",55,39.75,30,30,10.5,20
"74",74,177,49,70,80,81,50,30,39,51,143,4.625,6,"Intervention",38,41,82,71,50,37,48,"No","Yes",18,"Female","Other","Freshman","It made me realize how many different health services there are to consider.",55,42,50,50,34.5,42.5
"75",75,179,50,100,10,100,100,90,70,100,145,4.625,4,"Intervention",50,100,2,100,100,100,100,"No","No",19,"Male","White","Freshman","Insightful",85,87,100,100,80,100
"76",76,182,50,50,50,100,51,1,1,51,147,3.75,3,"Intervention",51,51,50,50,51,51,51,"No","No",18,"Male","Black","Freshman","thought provoking",62.5,50.5,51,51,1,51
"77",77,183,51,41,62,30,49,50,51,51,148,5,5,"Intervention",49,51,60,50,50,51,40,"Yes","No",18,"Male","White","Freshman","I found this exercise to be difficult to complete because of the pros and cons that I saw with the free health insurance. There are many people who make a living by working for these insurance companies, but there are also people who need health insurance but lack the money to do so.",40,47.5,49,50,50.5,45.5
"78",78,185,100,100,0,100,100,62,68,30,150,4.875,5,"Intervention",100,100,0,100,100,50,100,"No","No",19,"Female","White","Freshman","It's hard for me to think about people having to pick and choose which parts of healthcare they'll have access to when they're all important. It makes me wish healthcare would be reformed for the good of everyone and not just those who can afford it.",100,100,100,100,65,75
"79",79,187,19,81,7,100,0,0,0,100,152,1.875,3,"Intervention",30,100,1,100,100,0,100,"No","No",18,"Female","Black","Freshman","it makes me realize that our health care system is messed up and makes me realized that our country do not care about the welfare of its people.",73.25,82.25,0,100,0,50
"80",80,188,60,100,0,100,80,70,90,100,153,3.625,5,"Intervention",70,100,0,90,100,70,100,"No","Yes",18,"Gender Variant/Nonconforming","White","Freshman","Surprising, not a lot of money to go around for medical costs.",90,90,80,100,80,85
"81",81,190,42,100,16,34,39,100,68,47,155,3.5,2,"Intervention",44,100,22,37,33,64,55,"No","No",18,"Female","White","Freshman","Opened my eyes to how much health care insurance covers",65,64.75,39,33,84,59.5
"82",82,193,78,100,20,95,92,82,62,100,157,3.625,4,"Intervention",95,100,36,90,78,57,93,"No","No",18,"Female","Hispanic/Latino","Freshman","I think it was very educational and straightforward.",88.25,87.25,92,78,72,75
"83",83,195,50,40,70,35,35,35,35,35,158,4.375,3,"Intervention",50,40,70,40,35,70,35,"No","No",18,"Male","White","Freshman","Interesting",38.75,40,35,35,35,52.5
"84",84,197,92,92,65,100,92,47,57,93,160,4.75,2,"Intervention",100,91,95,94,83,59,60,"No","No",18,"Female","White","Freshman","Useful",79.75,72.5,92,83,52,59.5
"85",85,198,62,100,21,100,43,9,20,31,161,4.75,7,"Intervention",31,93,11,100,19,20,99,"Yes","Yes",36,"Female","White","Sophmore","It felt like I had to choose only the services I would likely be using in the near future. There was no way to have coverage in everything, which is disheartening because you never know when you might possibly need those services.",85.25,78.25,43,19,14.5,59.5
"86",86,205,100,100,0,97,100,36,46,55,164,4.125,1,"Intervention",94,84,4,100,100,44,37,"No","No",18,"Female","Black,American Indian/Alaska Native","Freshman","straightforward ",99.25,93.5,100,100,41,40.5
"87",87,207,24,60,87,57,9,4,5,81,166,4.25,5,"Intervention",24,51,74,66,9,9,58,"No","No",19,"Female","White","Sophmore","interesting ",38.5,41.75,9,9,4.5,33.5
"88",88,209,100,80,0,81,100,100,100,100,168,4.75,5,"Intervention",100,67,5,100,100,100,76,"No","Yes",19,"Female","White","Freshman","Interesting on how complicated it can be",90.25,90.5,100,100,100,88
"89",89,213,90,90,0,100,100,80,20,71,171,4.5,6,"Intervention",90,100,1,100,95,96,100,"No","No",18,"Male","White","Freshman","Very straight forward and eye-opening",95,97.25,100,95,50,98
"90",90,214,2,3,3,2,2,1,3,6,172,2,3,"Intervention",1,5,5,6,6,6,4,"No","No",18,"Female","White","Freshman","im not sure",26,26.75,2,6,2,5
"91",91,217,100,100,0,100,100,81,51,100,174,4.625,4,"Intervention",100,100,0,100,100,91,100,"No","Yes",29,"Female","White","Junior","If it is this easy to come up with a universal health care plan, then why doesn't America have one?",100,100,100,100,66,95.5
"92",92,221,50,100,0,100,85,85,65,91,176,4,6,"Intervention",50,100,0,100,71,65,100,"No","No",18,"Female","APAC","Freshman","It was really interesting learning about the different types of needs that people need and how people would be affected if they didn't have those needs. ",87.5,87.5,85,71,75,82.5
"93",93,224,80,100,5,100,14,22,21,99,179,3.5,4,"Intervention",95,100,5,100,15,30,98,"No","No",18,"Female","White","Freshman","Eye opening ",93.75,97.5,14,15,21.5,64
"94",94,226,81,100,60,100,30,1,0,89,181,5,5,"Intervention",84,100,56,100,51,2,100,"No","No",18,"Female","White","Freshman","I think it shows how much compromise is really needed for healthcare and you have to decide what you think is the most important. ",80.25,82,30,51,0.5,51
"95",95,228,50,30,40,40,70,10,20,85,182,4.375,4,"Intervention",30,50,35,30,30,30,30,"No","No",18,"Female","White","Freshman","I liked it because you got to pick what type of insurance is important to you based on your beliefs and to what extinct you would like to be covered. I think it's somewhat realistic because not everyone taking this survey will have the same amount of money/funds available for health insurance in reality but overall forms a good idea of how sacrifices have to be made when deciding on health care",45,43.75,70,30,15,30
"96",96,231,64,71,53,73,49,97,59,64,185,4.75,3,"Intervention",72,63,50,80,52,83,58,"No","No",18,"Female","White","Freshman","benifical",63.75,66.25,49,52,78,70.5
"97",97,232,71,80,51,80,50,84,53,81,186,4.75,3,"Intervention",70,52,48,77,60,88,80,"No","No",18,"Female","White","Freshman","benifical",70,62.75,50,60,68.5,84
"98",98,236,62,76,58,66,44,46,52,62,188,3.125,2,"Intervention",80,82,47,79,43,54,72,"No","Yes",18,"Female","White,APAC","Freshman","it's important",61.5,73.5,44,43,49,63
"99",99,241,0,0,65,0,0,0,0,100,191,3.875,3,"Intervention",0,0,75,0,0,0,0,"No","No",18,"Male","White","Freshman","Doesn't change anything for me",8.75,6.25,0,0,0,0
"100",100,243,30,61,64,36,32,24,26,38,193,4.25,1,"Intervention",45,58,57,32,35,31,56,"Yes","Yes",18,"Gender Variant/Nonconforming","Other","Freshman","eye opening",40.75,44.5,32,35,25,43.5
"101",101,248,20,41,66,83,50,48,29,47,196,4,2,"Intervention",39,52,50,50,49,54,53,"No","No",18,"Female","White","Freshman","helpful to draw my attention about how important health care is",44.5,47.75,50,49,38.5,53.5
"102",102,249,55,90,22,86,87,50,48,61,197,4.375,5,"Intervention",62,95,19,95,71,45,57,"No","Yes",19,"Female","White","Sophmore","Why are so many different types of insurance separate? Vision and Dental for example. ",77.25,83.25,87,71,49,51
"103",103,251,31,31,80,61,41,5,6,72,199,4.5,4,"Intervention",53,38,71,62,61,21,52,"No","No",18,"Female","White","Freshman","straightforward",35.75,45.5,41,61,5.5,36.5
"104",104,252,3,3,100,5,9,19,20,30,200,5.75,2,"Intervention",3,9,100,5,5,19,13,"No","No",21,"Male","White","Junior","honestly im just doing it to pass the class im in",2.75,4.25,9,5,19.5,16
"105",105,255,52,49,32,76,55,40,40,34,203,4.75,3,"Intervention",49,66,27,86,48,35,53,"No","No",18,"Female","White","Freshman","eye opening",61.25,68.5,55,48,40,44
"106",106,256,25,1,80,1,25,1,1,78,204,3.5,2,"Intervention",1,15,85,1,1,1,30,"No","No",18,"Male","White","Freshman","What i got was what i got. If I have more money then i expect to get better health care than those that don't. There is a order to things and health care is not an exception.",11.75,8,25,1,1,15.5
"107",107,259,1,80,1,80,80,2,2,75,207,3.875,6,"Intervention",1,80,1,80,80,1,1,"No","Yes",19,"Male","White","Sophmore","It was very interesting and it makes it obvious that not everything is simple and can be done easily. It also shows some limitations of universal healthcare. ",65,65,80,80,2,1
"108",108,260,39,50,74,70,35,6,6,44,208,4.5,4,"Intervention",63,71,61,63,54,30,59,"No","No",18,"Female","White","Freshman","It was straightforward",46.25,59,35,54,6,44.5
"109",109,262,67,80,74,81,53,44,24,80,210,4,4,"Intervention",76,72,73,76,74,79,75,"No","No",20,"Male","White","Junior","I think it is important that all students understand the necessity and importance of healthcare",63.5,62.75,53,74,34,77
"110",110,264,80,100,1,1,1,1,1,27,212,2.875,1,"Intervention",78,100,1,1,1,1,100,"No","No",19,"Female","Black","Sophmore","It was a good way to view how much I felt like I would need certain health needs",70,69.5,1,1,1,50.5
"111",111,270,10,10,80,25,20,9,10,70,216,3.625,6,"Intervention",10,15,82,30,30,20,15,"No","No",18,"Female","White","Freshman","I felt I had more than enough points to complete a package.",16.25,18.25,20,30,9.5,17.5
"112",112,272,57,80,18,90,49,81,27,28,218,3.25,4,"Intervention",38,69,19,96,40,21,89,"No","No",18,"Female","Black,Hispanic/Latino","Freshman","Easy to follow through and understand",77.25,71,49,40,54,55
"113",113,274,70,82,30,70,71,23,24,50,220,4.5,7,"Intervention",73,76,20,73,74,24,77,"No","No",20,"Female","White","Junior","It was very eye opening and a good exercise to see the complexity of this problem.",73,75.5,71,74,23.5,50.5
"114",114,278,40,100,0,100,0,0,0,20,223,3.875,0,"Intervention",4,100,0,100,1,2,100,"No","Yes",18,"Female","Black","Freshman","i like it ",85,76,0,1,0,51
"115",115,279,77,84,3,99,52,50,50,50,224,4.375,4,"Intervention",74,88,3,100,50,50,71,"No","No",18,"Female","White","Freshman","interesting",89.25,89.75,52,50,50,60.5
"116",116,282,50,70,30,50,0,0,0,50,227,2.625,1,"Intervention",50,81,40,80,0,0,81,"No","No",20,"Female","White","Sophmore","Health care is very much needed for some whether the more wealthy are paying for it or not.",60,67.75,0,0,0,40.5
"117",117,283,36,40,29,65,76,24,31,63,228,4.875,7,"Intervention",43,60,64,73,61,33,43,"No","No",18,"Female","White","Freshman","It made me realize its hard to get all the coverage you want.",53,53,76,61,27.5,38
"118",118,284,0,0,50,20,0,0,0,0,229,3.625,3,"Intervention",0,10,50,10,0,0,0,"No","No",18,"Female","White","Freshman","i really don't know",17.5,17.5,0,0,0,0
"119",119,286,0,3,100,7,30,0,4,1,231,4.75,6,"Intervention",1,8,100,17,0,2,8,"Yes","No",18,"Male","White","Freshman","I think healthcare and insurance should be given to any and all people but penalizing people for buying their own private plan is absurd",2.5,6.5,30,0,2,5
"120",120,290,62,100,1,100,100,52,78,31,234,4,2,"Intervention",49,80,37,91,84,27,97,"No","No",19,"Male","White","Sophmore","fun",90.25,70.75,100,84,65,62
"121",121,292,56,89,45,90,81,55,48,60,236,4.125,2,"Intervention",75,91,55,95,60,48,83,"No","No",19,"Female","White","Freshman"," The exercise was good to understand where our money is lead to in certain categories for health care in our systems and what categories could be more important than others ",72.5,76.5,81,60,51.5,65.5
"122",122,293,63,100,67,100,67,38,86,85,237,4.125,4,"Intervention",68,100,100,100,82,47,100,"No","Yes",21,"Male","Black","Sophmore","Everyone should have access to some type of health care ",74,67,67,82,62,73.5
"123",123,296,32,43,29,30,41,43,76,42,240,2.875,0,"Intervention",41,42,43,37,34,34,39,"No","No",18,"Male","White","Freshman","ok",44,44.25,41,34,59.5,36.5
"124",124,299,50,60,40,55,70,30,20,50,242,5.625,5,"Intervention",50,40,40,50,60,30,50,"Yes","No",18,"Female","White","Freshman","Puts things in perspective that I haven't thought about before.",56.25,50,70,60,25,40
"125",125,300,5,10,60,5,10,10,20,5,243,4.875,5,"Intervention",5,10,65,5,5,10,10,"No","No",19,"Female","White","Sophmore","This study seemed to be rather limited to one position on the issue of universal health care.There are valid arguments on both sides of this issue and the wording of these questions says otherwise. ",15,13.75,10,5,15,10
"126",126,302,50,50,28,60,70,68,82,79,245,5.125,5,"Intervention",50,67,26,75,74,64,69,"No","No",19,"Female","White,Hispanic/Latino","Freshman","I don’t feel very confident because I don’t know a lot about insurance or healthcare. ",58,66.5,70,74,75,66.5
"127",127,303,50,80,80,40,40,25,40,40,246,4.375,6,"Intervention",40,90,50,70,30,50,90,"No","Yes",19,"Male","White","Freshman","This is very eye opening to the values that you have to take in to concideration with what you want covered.",47.5,62.5,40,30,32.5,70
"128",128,306,78,88,37,85,83,15,30,80,249,3.125,2,"Intervention",79,87,29,87,73,14,78,"No","Yes",18,"Female","White","Freshman","It sucked to have to determine some parts of my health are less important than others so I couldn't score it as high as I would like.",78.5,81,83,73,22.5,46
"129",129,309,100,100,0,100,100,100,100,100,252,3.75,4,"Intervention",100,100,0,100,100,100,100,"No","No",18,"Female","White","Freshman","It feels like it shouldn't be this easy",100,100,100,100,100,100
"130",130,311,51,51,53,80,70,46,33,57,254,4.125,3,"Intervention",50,69,46,64,54,50,69,"No","Yes",18,"Male","White","Freshman","interesting",57.25,59.25,70,54,39.5,59.5
"131",131,313,95,100,0,70,50,50,30,100,256,4.625,3,"Intervention",90,100,0,86,13,16,100,"No","No",19,"Female","White","Freshman","It was difficult to choose between everything because they are all important to me. ",91.25,94,50,13,40,58
"132",132,316,19,19,20,19,20,19,19,20,259,2.375,0,"Intervention",19,19,19,19,19,20,19,"No","No",19,"Female","White","Sophmore","informative ",34.25,34.5,20,19,19,19.5
"133",133,317,15,12,11,15,16,14,14,12,260,2,0,"Intervention",18,15,15,15,15,13,13,"No","No",19,"Female","White","Sophmore","informative ",32.75,33.25,16,15,14,13
"134",134,321,50,90,10,80,81,73,73,67,262,3.625,6,"Intervention",50,91,10,74,72,77,87,"No","No",18,"Male","White","Freshman","I thought that it was interesting for me to be able to design my own health care plan, but in reality there is no way a plan like mine would be able to go through.",77.5,76.25,81,72,73,82
"135",135,323,100,100,0,100,100,100,100,100,263,4.75,6,"Intervention",97,100,0,100,100,94,100,"No","Yes",18,"Female","Black","Freshman","It showed me (...again) that money hungry companies do not care for basic human rights, they would rather capitalize off of it.",100,99.25,100,100,100,97
"136",136,326,66,70,56,62,69,60,65,62,265,5.625,7,"Intervention",60,64,65,45,65,56,58,"No","No",18,"Male","White","Freshman","important",60.5,51,69,65,62.5,57
"137",137,330,51,92,25,0,100,0,61,82,268,4.625,6,"Intervention",81,100,10,0,100,20,83,"No","Yes",19,"Male","White","Sophmore","Universal healthcare can be beneficial to all",54.5,67.75,100,100,30.5,51.5
"138",138,332,50,30,40,40,41,9,1,48,270,4.5,5,"Intervention",50,40,30,30,19,8,40,"No","No",18,"Male","White","Freshman","it was very confusing as i dont know very much about my insurance situation now",45,47.5,41,19,5,24
"139",139,335,79,78,30,16,92,63,52,75,272,5.375,4,"Intervention",81,85,20,24,60,59,77,"No","No",18,"Male","White","Freshman","Good, the UI could have been better",60.75,67.5,92,60,57.5,68
"140",140,337,100,100,0,100,100,100,100,100,273,2.75,1,"Intervention",100,100,0,100,100,100,100,"No","Yes",20,"Female","White,Black","Sophmore","It was informative. When I was done I didn't use all of my points",100,100,100,100,100,100
"141",141,339,30,50,81,29,50,39,25,40,275,3.625,2,"Intervention",31,50,78,25,50,29,29,"No","No",18,"Female","White","Freshman","I liked creating my own plan and seeing what I could and couldn't go without",32,32,50,50,32,29
"142",142,343,92,100,3,100,100,100,100,100,278,5.25,5,"Intervention",100,100,0,100,100,100,100,"No","No",19,"Female","White","Freshman","It made me see how underprivileged families see health care and the potential stress of it for families.",97.25,100,100,100,100,100
"143",143,345,27,35,35,35,35,35,39,68,280,2.375,2,"Intervention",16,20,100,70,13,24,6,"No","No",19,"Female","White","Sophmore","helpful",40.5,26.5,35,13,37,15
"144",144,350,50,100,3,100,80,79,66,93,282,5.25,6,"Intervention",51,100,5,100,76,57,66,"No","No",18,"Female","White","Freshman","I would accept this health care plan, I didn't think about there would a budget",86.75,86.5,80,76,72.5,61.5
"145",145,352,91,100,3,100,96,39,70,92,284,4.625,8,"Intervention",94,100,2,100,95,48,100,"No","No",18,"Female","White","Freshman","It was really interesting to see what topics mattered to me",97,98,96,95,54.5,74
"146",146,353,77,80,24,96,82,70,55,75,285,4.125,5,"Intervention",85,85,23,92,67,61,85,"No","No",19,"Male","White","Freshman","It was very helpful in helping me understand how important Universal Healthcare is, and how difficult it is to design a healthcare plan.",82.25,84.75,82,67,62.5,73
"147",147,357,80,90,70,90,50,20,30,70,288,4.625,2,"Intervention",100,80,50,100,20,30,60,"No","No",18,"Female","White,Black","Freshman","I had no clue as to how vital health care is.",72.5,82.5,50,20,25,45
"148",148,359,90,70,50,90,50,20,30,90,290,4.5,3,"Intervention",80,70,50,90,50,30,60,"No","No",18,"Female","White,Black","Freshman","I had no clue as to how vital health care is.",75,72.5,50,50,25,45
"149",149,360,1,11,5,74,78,76,81,16,291,3,2,"Intervention",4,10,12,11,11,55,14,"No","No",19,"Female","White","Freshman","not surprised ",45.25,28.25,78,11,78.5,34.5
"150",150,362,100,100,0,50,0,0,40,100,292,4.625,4,"Intervention",100,100,0,100,0,40,100,"No","No",18,"Female","Black","Freshman","Something to really think about. ",87.5,100,0,0,20,70
"151",151,365,40,76,30,100,81,9,0,87,295,4.25,7,"Intervention",39,91,28,100,87,6,90,"No","No",18,"Male","White","Freshman","Health care is a complicated, politicized problem ",71.5,75.5,81,87,4.5,48
"152",152,368,61,100,2,92,20,9,2,55,297,3.25,4,"Intervention",100,100,1,98,1,1,100,"No","No",20,"Female","White,Hispanic/Latino","Sophmore","You never get everything you want, which can be bad in some situations.",87.75,99.25,20,1,5.5,50.5
"153",153,369,62,60,30,99,50,29,47,79,298,5.125,5,"Intervention",53,80,30,100,50,39,40,"No","No",18,"Male","White","Freshman","It is hard to choose which health needs that you want to be insured because everything is so expensive.",72.75,75.75,50,50,38,39.5
"154",154,371,92,100,1,100,100,60,82,82,300,4.125,6,"Intervention",94,100,1,100,99,73,100,"No","No",18,"Female","White","Freshman","It's complicated!!",97.75,98.25,100,99,71,86.5
"155",155,374,66,99,34,95,100,32,14,65,303,4.125,7,"Intervention",55,100,24,100,64,25,81,"No","Yes",18,"Female","White,Black","Freshman","That was honestly very enlightening",81.5,82.75,100,64,23,53
"156",156,376,100,100,1,100,10,10,1,20,305,4.5,5,"Intervention",100,100,1,100,1,1,100,"No","Yes",18,"Female","White","Freshman","It puts into perspective how difficult it is to get health insurance in the US and to get proper care.",99.75,99.75,10,1,5.5,50.5
"157",157,378,50,29,80,29,36,18,29,40,307,4.125,5,"Intervention",53,30,84,29,31,23,29,"No","No",20,"Female","White","Freshman","Interesting to see how many different types of insurance go into the Health category.",32,32,36,31,23.5,26
"158",158,379,40,70,30,80,60,30,50,80,308,3.75,3,"Intervention",35,70,35,75,65,30,70,"Yes","No",20,"Male","White","Junior","Very interesting",65,61.25,60,65,40,50
"159",159,380,70,77,1,81,71,20,42,73,309,3.75,4,"Intervention",75,78,1,79,74,16,73,"No","No",19,"Female","Black","Sophmore","America has a wack health system, I walked to the hospital instead of getting an ambulance kind of garbage.",81.75,82.75,71,74,31,44.5
"160",160,382,71,100,50,100,44,45,50,71,311,4,5,"Intervention",71,100,39,100,44,48,100,"No","No",18,"Female","Black","Freshman","I liked creating my own health care plan. It is a good exercise to see your health care standards.",80.25,83,44,44,47.5,74
"161",161,387,100,100,0,100,100,60,90,100,314,4.25,6,"Intervention",100,100,0,100,100,60,100,"No","No",18,"Male","White,Black","Freshman","I think it is important because avoiding the doctor because of a lack of universal healthcare is dangerous and inhumane.",100,100,100,100,75,80
"162",162,388,100,100,0,100,100,19,20,50,315,5,4,"Intervention",100,100,0,100,70,20,100,"Yes","No",20,"Female","White","Sophmore","Too complicated for such a short study",100,100,100,70,19.5,60
"163",163,389,80,95,10,100,70,55,50,90,316,3.5,5,"Intervention",90,100,5,100,31,50,90,"No","No",18,"Female","White","Freshman","It was eye opening and interesting to try and cover what is needed within the budget. ",91.25,96.25,70,31,52.5,70
"164",164,392,55,100,0,100,100,75,75,70,319,3,7,"Intervention",55,100,0,100,65,55,100,"No","No",18,"Female","White","Freshman","I feel that although Universal Healthcare may pose some difficulties, I still think it would be beneficial. Everyone has different needs, so if we spread the funding out, I think it could work. I personally do not need much care, other than mental health and pharmacy, but I know there are many people who need more, and they should be able to get the care they need.",88.75,88.75,100,65,75,77.5
"165",165,394,62,61,50,60,61,30,20,60,321,3.5,4,"Intervention",61,62,50,50,60,10,60,"No","No",19,"Female","White","Freshman","It helped me understand how insurance is spread out among many different parts of the healthcare system. ",58.25,55.75,61,60,25,35
"166",166,395,50,36,23,54,50,55,43,57,322,3.875,2,"Intervention",55,46,57,39,65,44,65,"No","No",18,"Female","White","Freshman","I found it to be informative",54.25,45.75,50,65,49,54.5
"167",167,400,52,63,57,89,50,53,28,66,325,3.875,5,"Intervention",50,49,63,100,42,34,81,"No","No",18,"Female","White","Freshman","Eyeopening ",61.75,59,50,42,40.5,57.5
"168",168,402,2,82,31,100,100,86,11,63,327,2.375,0,"Intervention",2,100,95,84,99,9,82,"No","No",18,"Male","Black","Freshman","great",63.25,47.75,100,99,48.5,45.5
"169",169,405,30,50,80,50,20,20,20,70,329,4.375,4,"Intervention",50,70,70,76,35,10,67,"No","Yes",18,"Male","White","Freshman","You can get full coverage if you just choose basic coverage.",37.5,56.5,20,35,20,38.5
"170",170,406,73,39,66,44,58,25,35,51,330,5.25,6,"Intervention",56,32,52,53,53,55,55,"No","No",18,"Male","White","Freshman","I learned about universal health cafre",47.5,47.25,58,53,30,55
"171",171,408,80,87,83,6,42,4,41,19,332,3.75,5,"Intervention",28,34,79,19,57,21,31,"No","No",18,"Male","White","Freshman","Would like to be provided more info about universal health care because a lot of 18 year olds dont know much about it",47.5,25.5,42,57,22.5,26
"172",172,409,89,90,1,100,98,97,93,70,333,4.625,4,"Intervention",99,100,1,100,100,52,92,"No","No",18,"Female","White","Freshman","very interesting",94.5,99.5,98,100,95,72
"173",173,413,54,40,37,52,81,50,32,56,336,3.875,4,"Intervention",49,27,70,65,40,60,50,"No","No",18,"Female","White","Freshman","I wasn't sure on a lot of my answers",52.25,42.75,81,40,41,55
"174",174,414,50,100,0,100,84,31,2,100,337,3.5,6,"Intervention",89,100,0,100,100,51,100,"No","Yes",18,"Female","White,APAC","Freshman","Informative ",87.5,97.25,84,100,16.5,75.5
"175",175,416,43,34,81,39,76,50,50,86,339,5.125,5,"Intervention",40,19,79,54,40,50,50,"No","Yes",19,"Female","White","Sophmore","I like it because it really indulged into everything that may happen and that healthcare has to offer",33.75,33.5,76,40,50,50
"176",176,417,50,50,60,70,50,50,40,70,340,3.75,2,"Intervention",50,50,60,40,50,40,51,"No","No",19,"Female","White","Freshman","I thought it was interesting to build my own plan and see how everything goes into affect ",52.5,45,50,50,45,45.5
"177",177,419,41,19,47,16,20,31,22,100,342,3.75,0,"Intervention",13,6,100,20,20,100,10,"No","No",18,"Female","White","Freshman","I believe that if people want to be secured medically, they should get a job and work for their safety.",32.25,9.75,20,20,26.5,55
"178",178,421,30,52,5,35,28,32,62,44,344,4,4,"Intervention",29,42,18,28,34,36,44,"No","No",19,"Female","White","Freshman","It really puts everything into perspective.",53,45.25,28,34,47,40
"179",179,423,70,50,40,35,40,21,30,50,346,5.75,6,"Intervention",50,60,65,30,45,25,55,"No","No",19,"Female","White,American Indian/Alaska Native","Sophmore","Very interesting to see the importance of health care",53.75,43.75,40,45,25.5,40
"180",180,425,6,36,67,19,45,13,17,35,347,3.875,6,"Intervention",22,49,67,15,28,15,29,"No","No",20,"Male","White","Sophmore","It was interesting and made me think about what I value. ",23.5,29.75,45,28,15,22
"181",181,427,31,43,39,41,36,36,67,76,349,4,1,"Intervention",34,35,48,51,66,63,79,"No","Yes",18,"Female","Other","Freshman","Interesting",44,43,36,66,51.5,71
"182",182,431,51,70,17,57,55,50,50,50,352,3.25,2,"Intervention",50,61,9,64,59,50,56,"No","Yes",18,"Female","White,Black","Freshman","Insight on what people may deem as a need or right ",65.25,66.5,55,59,50,53
"183",183,432,71,71,20,67,83,81,83,50,353,4,7,"Intervention",70,69,19,60,71,65,65,"No","No",19,"Male","APAC","Freshman","Realized that it will cost a lot of money so only the bare eseentials for not-as-important things don't need to be prioritized ",72.25,70,83,71,82,65
"184",184,436,63,59,16,61,64,60,67,56,356,3.875,6,"Intervention",72,68,24,65,73,64,67,"No","No",19,"Male","APAC","Freshman","That healthcare isn't the silver bullet for everything. some stuff have have to be given up",66.75,70.25,64,73,63.5,65.5
"185",185,437,9,1,75,50,40,40,80,61,357,5,5,"Intervention",1,30,75,50,51,62,30,"No","No",19,"Male","White","Freshman","It was good to make a health plan, but it really only seemed like I prioritized needs that are evident to myself and family.",21.25,26.5,40,51,60,46
"186",186,446,20,89,30,61,30,9,20,81,360,3.5,5,"Intervention",20,90,32,91,42,33,95,"Yes","No",18,"Female","White","Freshman","It's a good way to think about our current healthcare",60,67.25,30,42,14.5,64
"187",187,450,30,19,81,25,51,41,40,30,362,3.375,5,"Intervention",28,20,81,24,50,41,21,"No","No",20,"Female","White","Sophmore","Liked it",23.25,22.75,51,50,40.5,31
"188",188,455,58,100,57,100,55,70,27,48,364,5.25,3,"Intervention",52,51,70,95,91,38,84,"No","Yes",18,"Female","White","Freshman","Got a lot of information",75.25,57,55,91,48.5,61
"189",189,456,50,70,29,60,80,50,50,75,365,3,1,"Intervention",40,46,14,76,52,74,56,"No","No",18,"Female","White","Freshman","I thought they were interesting ",62.75,62,80,52,50,65
"190",190,458,71,81,40,89,64,82,58,78,367,2.75,5,"Intervention",77,78,72,95,53,76,61,"No","No",19,"Female","White","Freshman","It made me think about my future with health care and how important it is in every humans life. ",75.25,69.5,64,53,70,68.5
"191",191,461,68,62,45,65,51,38,40,50,368,6,5,"Intervention",60,70,50,71,50,40,60,"No","No",19,"Female","White,American Indian/Alaska Native","Sophmore","It showed me the importance of healthcare and how much everyone needs it",62.5,62.75,51,50,39,50
"192",192,464,36,46,63,84,68,58,44,53,370,4.5,4,"Intervention",56,61,20,91,75,16,41,"No","No",NA,NA,"Other","Other","Interesting, I never really gave enough thought into health care before this experement ",50.75,72,68,75,51,28.5
"193",193,469,30,30,50,42,50,40,30,61,372,5.125,4,"Intervention",40,30,44,48,45,14,37,"Yes","No",19,"Male","White","Sophmore","Some important topics here ",38,43.5,50,45,35,25.5
"194",194,472,10,23,22,24,31,37,41,38,373,4.375,4,"Intervention",32,38,43,46,42,47,49,"No","Yes",20,"Female","Black","Junior","WIsh is was that easy",33.75,43.25,31,42,39,48
"195",195,473,100,100,5,100,100,100,99,100,374,4.125,5,"Intervention",50,100,3,100,100,100,100,"No","Yes",18,"Female","White","Freshman","I think it shines attention to a current issue that can be looked over in our country",98.75,86.75,100,100,99.5,100
"196",196,478,67,85,37,72,72,36,57,79,375,2.75,3,"Intervention",71,85,33,75,49,18,80,"No","Yes",18,"Female","White","Freshman","It was dificult to determine which part of your health are worth being covered in the plan or not. ",71.75,74.5,72,49,46.5,49
"197",197,488,50,50,50,50,50,50,50,50,378,3,1,"Intervention",60,60,50,60,45,60,60,"No","No",18,"Male","White","Freshman","I think it is beneficial to young adults like myself",50,57.5,50,45,50,60
"198",198,491,50,70,39,79,72,39,12,40,381,3.875,3,"Intervention",60,60,38,70,49,9,76,"No","No",18,"Male","White","Freshman","Good",65,63,72,49,25.5,42.5
"199",199,492,30,29,72,35,82,12,11,71,382,3.625,7,"Intervention",22,21,77,37,79,10,16,"No","Yes",21,"Male","White","Junior","I don't think it addresses any of of the problems with universal health care. Such as much longer wait times, lack of competition which leads to a decrease in quality of care.",30.5,25.75,82,79,11.5,13
"200",200,495,3,5,4,40,8,29,51,3,385,5.125,2,"Intervention",4,3,51,41,20,13,24,"No","No",19,"Male","White","Sophmore","annoying",36,24.25,8,20,40,18.5
"201",201,497,93,100,0,100,91,80,73,70,387,4.125,3,"Intervention",93,100,1,100,82,81,100,"No","No",19,"Female","White","Sophmore","It was eye opening",98.25,98,91,82,76.5,90.5
"202",202,500,19,51,72,18,2,8,31,20,390,2.375,2,"Intervention",19,29,50,9,19,20,40,"No","Yes",21,"Male","White","Junior","Very eye opening ",29,26.75,2,19,19.5,30
"203",203,501,40,100,10,40,60,60,60,70,391,4.875,6,"Intervention",30,100,10,30,100,60,100,"No","No",19,"Male","White","Freshman","Effective with the information given, however does not illustrate just how complex the issue of health care is regarding economics and issues of private healthcare options as well. ",67.5,62.5,60,100,60,80
"204",204,503,68,98,6,100,100,100,100,81,393,4.875,7,"Intervention",84,86,22,73,91,85,72,"Yes","Yes",18,"Male","White,APAC","Freshman","It’s hard to cover for everything that could be necessary and there are pitfalls in healthcare with anything less then a universal system. ",90,80.25,100,91,100,78.5
"205",205,505,36,46,60,35,53,52,58,46,395,3.875,1,"Intervention",42,51,57,51,45,46,47,"Yes","Yes",18,"Female","White","Freshman","good",39.25,46.75,53,45,55,46.5
"206",206,507,28,31,45,10,3,2,1,6,397,4.5,3,"Intervention",7,5,13,10,11,10,13,"No","No",19,"Male","White","Sophmore","it was interesting ",31,27.25,3,11,1.5,11.5
"207",207,510,50,60,30,76,30,35,35,74,400,4.25,4,"Intervention",50,80,40,91,36,37,80,"No","No",18,"Male","White","Freshman","interesting",64,70.25,30,36,35,58.5
"208",208,511,100,100,0,100,0,0,0,100,401,5.25,8,"Intervention",100,100,0,100,0,0,100,"No","No",20,"Male","White","Junior","Unrealistic",100,100,0,0,0,50
"209",209,513,50,40,80,50,40,20,50,60,403,4.25,6,"Intervention",50,60,40,60,39,20,60,"No","No",18,"Female","White","Freshman","Shocking ",40,57.5,40,39,35,40
"210",210,514,0,60,51,50,30,40,29,40,404,3.875,2,"Intervention",29,50,50,51,49,49,61,"Yes","No",24,"Female","APAC","Junior","difficult",39.75,45,30,49,34.5,55
"211",211,517,81,90,16,78,94,50,51,42,407,3.125,4,"Intervention",85,91,20,92,90,50,78,"No","No",19,"Female","White","Freshman","Informational",83.25,87,94,90,50.5,64
"212",212,519,22,100,25,100,65,12,14,64,409,4.125,4,"Intervention",23,100,24,99,22,9,100,"No","No",18,"Female","APAC","Freshman","Certain things need more attention than others, but all of them are important for people.",74.25,74.5,65,22,13,54.5
"213",213,523,50,30,50,50,30,50,50,30,412,4.625,4,"Intervention",50,51,50,50,30,50,50,"No","No",18,"Female","White","Freshman","I've haven't learned much about it so I am 50/50 on a lot of things.",45,50.25,30,30,50,50
"214",214,524,51,61,40,50,75,4,43,50,413,5.125,6,"Intervention",51,51,50,50,50,50,50,"No","No",18,"Male","White","Freshman","I do not have a good enough understanding of the current health care situation in our country to have a valid opinion on the topic",55.5,50.5,75,50,23.5,50
"215",215,526,35,74,18,68,51,21,12,70,415,5.125,6,"Intervention",6,79,13,56,56,9,89,"No","Yes",18,"Male","APAC","Freshman","It was simple",64.75,57,51,56,16.5,49
"216",216,529,70,66,20,90,66,12,34,39,416,5,6,"Intervention",60,66,18,96,66,19,75,"No","No",19,"Female","White,Hispanic/Latino","Sophmore","It was interesting because I do not have to think about the topic often.",76.5,76,66,66,23,47
"217",217,536,70,82,74,93,33,51,51,73,417,3.875,5,"Intervention",69,83,73,100,50,50,72,"No","No",20,"Male","White","Sophmore","gave a good look at how people that are less fortunate live",67.75,69.75,33,50,51,61
"218",218,10,85,95,40,50,50,10,10,NA,7,NA,NA,"Control",85,95,10,50,50,9,10,"No","No",22,"Male","White","Senior","I do not really understand insurance. I feel like it is incredibly convoluted and it seems like an incredibly predatory industry.",72.5,80,50,50,10,9.5
"219",219,12,59,87,1,87,27,7,7,NA,9,NA,NA,"Control",67,90,1,87,67,30,30,"No","No",18,"Gender Variant/Nonconforming","White","Freshman","Interesting that my answers changed. I would be interested in seeing someone against Universal Health Care make a study, too.",83,85.75,27,67,7,30
"220",220,14,80,100,0,100,100,80,81,NA,11,NA,NA,"Control",100,100,0,100,100,100,100,"Yes","No",39,"Male","White","Junior","Informative",95,100,100,100,80.5,100
"221",221,16,100,100,0,100,49,0,0,NA,13,NA,NA,"Control",100,100,0,100,100,41,27,"No","No",18,"Female","White,APAC","Freshman","It helped me understand more about UHC",100,100,49,100,0,34
"222",222,18,50,25,75,75,40,40,40,NA,15,NA,NA,"Control",50,61,61,51,19,24,25,"No","No",20,"Male","White","Sophmore","After looking at the facts about healthcare, it makes you question what you previously thought.",43.75,50.25,40,19,40,24.5
"223",223,21,24,51,51,4,76,51,24,NA,18,NA,NA,"Control",30,62,10,19,31,10,23,"No","No",18,"Female","White","Freshman","Most of ym thoughts did not change throughout the exercise ",32,50.25,76,31,37.5,16.5
"224",224,23,75,90,1,100,87,71,71,NA,20,NA,NA,"Control",90,91,1,100,100,91,92,"No","No",18,"Male","White","Freshman","Before beginning the exercise, I strongly supported UHC and this exercise just strengthened that belief.",91,95,87,100,71,91.5
"225",225,25,42,65,31,54,35,20,22,NA,22,NA,NA,"Control",47,35,30,40,49,22,16,"No","No",18,"Female","White","Freshman","Interesting ",57.5,48,35,49,21,19
"226",226,29,70,71,19,91,31,40,8,NA,26,NA,NA,"Control",70,50,12,49,25,74,36,"No","No",18,"Female","White","Freshman","Very controversial questions but good idea to see what a lot of people think",78.25,64.25,31,25,24,55
"227",227,30,38,35,52,75,50,80,75,NA,27,NA,NA,"Control",23,34,35,69,52,79,71,"No","No",18,"Female","White","Freshman","I understand the issue, but there may be some better ways to go about it ",49,47.75,50,52,77.5,75
"228",228,35,61,50,51,68,41,44,45,NA,32,NA,NA,"Control",51,68,39,62,68,51,44,"No","No",18,"Female","APAC","Freshman","N/A",57,60.5,41,68,44.5,47.5
"229",229,36,65,70,30,77,61,46,51,NA,33,NA,NA,"Control",75,77,2,71,67,56,61,"No","No",18,"Female","White","Freshman","Great questions, really makes us think about healthcare in a way we might not have before. ",70.5,80.25,61,67,48.5,58.5
"230",230,38,50,81,10,100,20,10,10,NA,35,NA,NA,"Control",50,90,10,100,9,8,10,"No","Yes",20,"Female","APAC","Junior","The graphics were a great informational pieces to read and learn new information from. ",80.25,82.5,20,9,10,9
"231",231,40,46,65,50,49,50,35,27,NA,37,NA,NA,"Control",51,50,50,50,51,49,48,"No","No",19,"Female","White","Sophmore","very interesting ",52.5,50.25,50,51,31,48.5
"232",232,41,100,87,20,100,51,46,46,NA,38,NA,NA,"Control",61,100,43,100,33,37,41,"No","No",18,"Male","White,APAC","Freshman","Although I know health care is not fairly accessable to everyone, the statistics are quite an eye opener. ",91.75,79.5,51,33,46,39
"233",233,43,80,93,15,95,86,81,81,NA,40,NA,NA,"Control",76,93,10,96,98,94,92,"No","No",18,"Female","White,American Indian/Alaska Native","Freshman","Made me realize more people than I thought don’t have access to healthcare and it is very unfair.",88.25,88.75,86,98,81,93
"234",234,46,30,70,50,65,70,20,40,NA,43,NA,NA,"Control",35,60,45,75,60,30,50,"No","Yes",18,"Male","White","Freshman","I think that ideally, every human being would be able to have great healthcare coverage. However, coming from a family that exploited the benefits of the 2013 Affordable Healthcare Act, I feel as though there has not been a way in which UHC has been implemented to where it will not cause many families, like mine, to handicap themselves and to remain unemployed. I completely believe that UHC is the best option morally, but in reality I feel that there has not been a way to where it will work to better America or a lot of its people in the way it sounds that it would.",53.75,56.25,70,60,30,40
"235",235,48,69,67,46,50,32,68,81,NA,45,NA,NA,"Control",79,67,63,70,61,76,70,"Yes","No",22,"Female","APAC,Other","Senior","useful",60,63.25,32,61,74.5,73
"236",236,51,93,97,5,60,31,12,12,NA,48,NA,NA,"Control",95,94,5,84,89,97,97,"No","No",18,"Female","Black","Freshman","I think that it is very important for everyone to have medical/health insurance. I think that more people need to be educated on the subject before they make their opinions. ",86.25,92,31,89,12,97
"237",237,55,20,20,100,70,50,10,40,NA,51,NA,NA,"Control",20,20,100,80,70,20,40,"No","No",19,"Female","White","Sophmore","I felt that this exercise was very politically motivated. I felt that each question was leaning towards either side of the political spectrum. My answers didn't change much after reading the facts that were given.",27.5,30,50,70,25,30
"238",238,56,61,100,1,100,91,72,81,NA,52,NA,NA,"Control",70,100,1,100,86,88,91,"No","No",18,"Male","White","Freshman","I think it was a good source of information for people who did not already know what was in the exercise, but I knew a lot of it already",90,92.25,91,86,76.5,89.5
"239",239,59,70,94,10,91,83,62,50,NA,55,NA,NA,"Control",87,100,7,90,92,83,81,"No","Yes",18,"Female","White","Freshman","Very educational and help my understanding on how the UHC actually works and it could be a possibility",86.25,92.5,83,92,56,82
"240",240,61,100,100,1,100,100,70,70,NA,57,NA,NA,"Control",100,100,1,100,100,100,100,"No","No",20,"Female","Black","Junior","I think it's an easier way to understand Universal Healthcare and how everyone deserves healthcare no matter their socioeconomic status.",99.75,99.75,100,100,70,100
"241",241,68,34,95,50,100,5,5,5,NA,59,NA,NA,"Control",80,100,50,80,10,20,20,"No","No",19,"Female","White","Freshman","informative ",69.75,77.5,5,10,5,20
"242",242,70,50,80,20,60,40,30,20,NA,61,NA,NA,"Control",50,75,30,71,51,30,30,"No","No",18,"Female","White","Freshman","The exercise made me think about our healthcare system in a different light.",67.5,66.5,40,51,25,30
"243",243,71,51,25,62,40,23,47,12,NA,62,NA,NA,"Control",70,77,36,69,66,49,52,"No","No",19,"Male","White","Freshman","I learned some new information",38.5,70,23,66,29.5,50.5
"244",244,73,60,100,2,100,81,29,30,NA,64,NA,NA,"Control",91,100,2,100,100,58,92,"No","No",19,"Female","White","Freshman","I now have a much better understanding of Universal Healthcare and its goals.",89.5,97.25,81,100,29.5,75
"245",245,76,20,75,75,70,25,1,1,NA,67,NA,NA,"Control",20,80,75,80,20,1,1,"No","Yes",23,"Male","White","Senior","Still confused about most parts. I think that the health care system is awful, however I do not want tax money removed from my paycheck to pay for people that are not working to receive the same benefits as everyone else that actually work.",47.5,51.25,25,20,1,1
"246",246,77,20,50,66,5,50,10,20,NA,68,NA,NA,"Control",20,65,35,0,85,30,30,"No","No",20,"Male","White","Junior","I found it interesting with the statistics but in the end my mind didn't change too much on the topic. I think it was unfair to show only benefits to universal healthcare without explaining what it would take to get there. ",27.25,37.5,50,85,15,30
"247",247,81,79,100,5,97,65,43,71,NA,70,NA,NA,"Control",86,100,4,100,69,34,62,"No","No",19,"Female","White","Sophmore","I think health care is a really important topic of conversation that isn't discussed in as much urgency as it should be.",92.75,95.5,65,69,57,48
"248",248,86,60,40,98,67,75,100,100,NA,72,NA,NA,"Control",76,25,48,100,85,100,100,"No","No",18,"Female","White","Freshman","I think it expanded my knowledge on health care",42.25,63.25,75,85,100,100
"249",249,89,49,50,50,50,50,10,20,NA,75,5,5,"Control",50,40,50,50,50,1,1,"No","No",19,"Male","White","Sophmore","There was a lot of statistics regarding people around the globe but I thought this was gonna be about the US. Also none of the images really explained what universal health care was or how it would be implemented.",49.75,47.5,50,50,15,1
"250",250,93,100,100,1,100,100,70,72,NA,78,5,5,"Control",100,100,1,100,100,79,84,"No","Yes",19,"Female","White","Freshman","crazy how many people are uninsured",99.75,99.75,100,100,71,81.5
"251",251,95,82,100,30,100,100,19,20,NA,80,3.5,3,"Control",100,100,1,100,100,100,100,"No","No",18,"Female","White","Freshman","it enhanced my perspective that universal healthcare needs to be implemented",88,99.75,100,100,19.5,100
"252",252,97,30,19,92,10,30,1,50,NA,82,4,6,"Control",19,30,100,5,2,8,13,"No","Yes",18,"Female","White","Freshman","I think that universal health insurance isn't the answer to fighting the hefty medical bills Americans face.  I think that the solution is to make medical supplies less expensive (for example: Epi pens should not be like $200).  The government needs to put regulations on Big Pharma.",16.75,13.5,30,2,25.5,10.5
"253",253,102,0,10,75,0,0,0,100,NA,85,5,8,"Control",0,0,90,0,30,0,64,"Yes","Yes",20,"Male","White,American Indian/Alaska Native","Sophmore","Not very effective",8.75,2.5,0,30,50,32
"254",254,104,80,100,0,100,87,90,97,NA,87,4.25,5,"Control",85,97,1,100,91,95,100,"No","No",18,"Female","Black","Freshman","I enjoyed it",95,95.25,87,91,93.5,97.5
"255",255,106,70,60,30,85,20,8,25,NA,89,2.875,1,"Control",70,80,10,100,90,80,100,"No","Yes",18,"Female","White","Freshman","The exercise was very informative on the problems with health care and why they need to be fixed.",71.25,85,20,90,16.5,90
"256",256,107,100,100,0,100,100,100,100,NA,90,5,7,"Control",100,100,0,100,100,100,100,"No","No",18,"Male","White","Freshman","I really hope that some of the people that take this survey feel stronger about how healthcare is a basic human right, and it made me angry that it will take up to 2030 to possibly reach the goal. This should've been done years ago.",100,100,100,100,100,100
"257",257,109,50,80,55,30,50,80,80,NA,92,4.25,5,"Control",50,81,55,30,42,90,89,"No","No",18,"Female","White","Freshman","I appreciate being given infographics about healthcare. My views did not change much before and after, however.",51.25,51.5,50,42,80,89.5
"258",258,111,72,100,0,100,60,61,72,NA,94,3.375,5,"Control",86,100,0,100,92,82,71,"No","No",18,"Female","White","Freshman","I found it very informative",93,96.5,60,92,66.5,76.5
"259",259,115,50,70,0,100,80,80,70,NA,97,3,2,"Control",50,100,0,100,100,80,85,"No","No",18,"Female","White,Black","Freshman","Informative",80,87.5,80,100,75,82.5
"260",260,119,75,100,9,100,100,1,1,NA,100,5.125,5,"Control",100,100,1,100,90,25,34,"No","No",18,"Male","White","Freshman","I think the as you go through each page it attempts to convince the read of UHC's importance. The ratings at the beginning and end of the survey shows the change of opinion after an individual is taught more about UHC.",91.5,99.75,100,90,1,29.5
"261",261,122,30,10,70,0,10,10,50,NA,101,4.875,4,"Control",10,9,75,0,20,11,51,"Yes","Yes",20,"Male","Black","Sophmore","I felt that the prompts I read did not change my opinions much",17.5,11,10,20,30,31
"262",262,124,50,76,30,81,100,60,61,NA,103,4.5,5,"Control",71,92,14,89,71,83,71,"No","Yes",18,"Female","White","Freshman","Very interesting. The infographics definitely helped me learn more. ",69.25,84.5,100,71,60.5,77
"263",263,125,100,100,0,100,100,100,100,NA,104,4.125,5,"Control",100,100,0,100,100,100,100,"No","No",19,"Female","White","Sophmore","Really enjoyed the infographics and very easy to understand.",100,100,100,100,100,100
"264",264,128,50,50,79,65,88,100,100,NA,106,4,1,"Control",50,51,81,86,73,100,100,"No","No",18,"Female","Black","Freshman","I think it's very informative.",46.5,51.5,88,73,100,100
"265",265,131,100,100,0,100,100,100,100,NA,109,4.875,7,"Control",100,100,0,100,100,100,100,"No","Yes",18,"Male","White","Freshman","Universal healthcare is very clearly an absolute necessity and anyone who says otherwise after being presented with the facts is either feigning ignorance or places little to no value on human life.",100,100,100,100,100,100
"266",266,133,50,100,0,80,74,5,1,NA,111,5.75,8,"Control",71,100,1,86,100,70,21,"No","Yes",18,"Male","White,Black,APAC","Sophmore","interesting",82.5,89,74,100,3,45.5
"267",267,135,60,74,26,89,81,47,60,NA,113,3.375,1,"Control",48,91,8,95,80,91,40,"Yes","Yes",19,"Male","Other","Freshman","Universal Health Care is a topic I am very passionate about and I was pleased to be apart of this study. I hope that one day we will have Universal Health Care. I was wondering however, will the pay of doctors be reduced if this was put into place? I had a heated debate with one of my good friends and in their argument they stated that if the pay is less it might give doctors less of an incentive to pursue their fields because of how excruciating medical school is. If you can respond to this I would greatly appreciate it you can email me at ashkmw@umsystem.edu Thank you very much",74.25,81.5,81,80,53.5,65.5
"268",268,138,40,71,60,50,30,20,20,NA,116,3.75,3,"Control",40,70,30,80,40,30,30,"No","No",19,"Female","White","Sophmore","great informational graphics",50.25,65,30,40,20,30
"269",269,139,39,50,61,79,79,35,27,NA,117,4.125,4,"Control",40,56,68,88,90,16,18,"No","No",19,"Male","White","Sophmore","i thought it was good",51.75,54,79,90,31,17
"270",270,142,85,61,31,50,89,32,37,NA,120,4.375,3,"Control",92,75,20,90,34,46,28,"No","No",19,"Female","White","Freshman","Universal healthcare has many pros and cons & it's not a simple concept. I realized I wasn't as educated, on this subject, as I thought.",66.25,84.25,89,34,34.5,37
"271",271,144,30,60,50,25,20,15,20,NA,122,3.875,6,"Control",30,70,39,14,40,50,40,"No","No",18,"Female","White","Freshman","I think that it is true that people not having healthcare is a big problem in this world",41.25,43.75,20,40,17.5,45
"272",272,147,51,100,1,100,1,19,14,NA,124,4.125,3,"Control",80,95,9,100,3,15,13,"No","No",18,"Female","White","Freshman","The Healthcare system needs totally reformed. ",87.5,91.5,1,3,16.5,14
"273",273,150,61,76,29,86,51,51,29,NA,127,2.625,1,"Control",50,92,70,86,73,37,38,"No","No",19,"Female","White","Freshman","I didn't know a lot of the statistics, every eye opening about the real world.",73.5,64.5,51,73,40,37.5
"274",274,154,84,94,35,100,40,28,36,NA,130,4.125,6,"Control",72,95,35,100,73,69,65,"No","No",18,"Female","White","Freshman","I noticed my answers slightly changed as I became more educated ",85.75,83,40,73,32,67
"275",275,157,17,25,45,56,13,15,12,NA,132,4.5,6,"Control",21,63,42,63,56,23,19,"No","No",19,"Male","White","Sophmore","It wasn't super enlightening, I felt like I already knew a lot about it. The information didn't make me want to support the Affordable Care Act more, just that something should be done. The information didn't tell me why the Affordable Care Act would be effective.",38.25,51.25,13,56,13.5,21
"276",276,158,50,40,60,60,50,50,40,NA,133,3.75,4,"Control",60,70,40,70,70,61,70,"No","No",18,"Male","White","Freshman","I found it interesting and insightful",47.5,65,50,70,45,65.5
"277",277,163,100,100,3,100,100,100,100,NA,136,4.25,7,"Control",100,100,1,100,100,100,100,"No","Yes",19,"Female","White","Freshman","It states the facts of the situation",99.25,99.75,100,100,100,100
"278",278,164,50,30,55,19,50,10,2,NA,137,4.125,4,"Control",40,40,55,45,30,9,9,"No","No",18,"Female","White","Freshman","It taught me a lot",36,42.5,50,30,6,9
"279",279,165,100,70,0,100,100,100,50,NA,138,4.75,4,"Control",100,100,0,100,100,70,50,"No","No",19,"Male","White","Freshman","Eye opening on the statistics shown in the given posters",92.5,100,100,100,75,60
"280",280,176,100,100,10,100,80,10,9,NA,142,4.625,0,"Control",100,100,0,100,100,100,100,"No","No",18,"Female","White,Black,American Indian/Alaska Native,Hispanic/Latino,Other","Freshman","I wish everyone knew about this and I hope that this goes into play very soon.",97.5,100,80,100,9.5,100
"281",281,178,30,52,83,53,47,34,32,NA,144,5,6,"Control",39,60,60,83,69,60,49,"No","No",18,"Female","White","Freshman","It brought a lot of issues regarding health care to my attention. ",38,55.5,47,69,33,54.5
"282",282,180,80,40,70,70,10,10,10,NA,146,4.875,4,"Control",80,50,60,100,40,39,40,"No","No",18,"Male","APAC,Hispanic/Latino","Freshman","I like the idea of informing the less knowledgeable on UHC.",55,67.5,10,40,10,39.5
"283",283,184,36,85,44,63,12,45,20,NA,149,3,4,"Control",70,100,30,73,37,47,42,"No","No",18,"Female","White","Freshman","I think it was interesting to see the amount of people who do not have access to healthcare systems.",60,78.25,12,37,32.5,44.5
"284",284,186,10,60,40,50,80,19,20,NA,151,4,5,"Control",40,60,40,60,40,60,61,"No","No",18,"Female","White","Freshman","It was very informative, I wasn't very educated on a lot of what I read so I'm really glad I took this survey, I didn't change most of my views about health care, but I feel much more educated on the issue",45,55,80,40,19.5,60.5
"285",285,189,51,30,53,14,50,2,3,NA,154,4,4,"Control",29,29,50,9,35,5,5,"No","No",18,"Female","White","Freshman","It was confusing",35.5,29.25,50,35,2.5,5
"286",286,192,33,72,24,100,42,36,15,NA,156,3.375,5,"Control",31,75,57,39,20,81,61,"No","No",18,"Female","White","Freshman","Good",70.25,47,42,20,25.5,71
"287",287,196,61,71,51,60,63,40,29,NA,159,5.25,4,"Control",61,61,50,41,61,30,30,"No","No",18,"Male","White","Freshman","I thought it was very interesting to think about other people who struggle.",60.25,53.25,63,61,34.5,30
"288",288,199,70,85,20,70,75,30,9,NA,162,3.5,3,"Control",86,85,18,86,85,53,55,"No","No",21,"Female","White","Senior","the information was interesting ",76.25,84.75,75,85,19.5,54
"289",289,201,1,19,100,100,69,2,42,NA,163,5.125,4,"Control",1,80,100,100,16,79,100,"Yes","No",19,"Male","APAC","Freshman","Liberalizing",30,45.25,69,16,22,89.5
"290",290,206,50,56,59,61,61,43,52,NA,165,3.875,5,"Control",57,50,61,58,40,57,44,"No","Yes",18,"Female","APAC","Freshman","It's very straight forward",52,51,61,40,47.5,50.5
"291",291,208,40,30,60,10,5,10,10,NA,167,4.875,7,"Control",30,20,50,14,5,20,20,"No","Yes",18,"Female","White","Freshman","It was informational. ",30,28.5,5,5,10,20
"292",292,211,50,100,40,100,49,48,50,NA,169,3.625,5,"Control",50,100,9,100,85,100,100,"No","No",18,"Female","Black","Sophmore","informational",77.5,85.25,49,85,49,100
"293",293,212,70,70,40,80,70,30,30,NA,170,3.125,4,"Control",90,90,10,90,90,80,80,"No","No",18,"Female","White","Freshman","I still am not 100% sure on the exact plan of universal healthcare. The exercise lays out statistics of the debt it causes, but not necessarily the exact plan on how to reach it.",70,90,70,90,30,80
"294",294,215,62,50,8,50,50,50,51,NA,173,4,1,"Control",70,59,30,42,52,57,60,"No","No",18,"Male","Black","Freshman","Support for universal health care",63.5,60.25,50,52,50.5,58.5
"295",295,219,68,82,9,70,34,34,34,NA,175,5.125,6,"Control",74,75,10,77,92,91,87,"No","No",20,"Female","White","Junior","Eye opening. I have never really been taught about this kind of topic ",77.75,79,34,92,34,89
"296",296,222,43,58,40,42,69,90,100,NA,177,5.125,3,"Control",100,70,81,100,100,100,100,"No","No",18,"Female","White","Freshman","I thought that it taught me things I did not know.",50.75,72.25,69,100,95,100
"297",297,223,5,45,3,3,16,18,10,NA,178,2.75,0,"Control",26,36,25,45,37,39,31,"No","No",18,"Female","Hispanic/Latino","Freshman","It is interesting to see different views",37.5,45.5,16,37,14,35
"298",298,225,49,46,66,72,82,71,62,NA,180,4,4,"Control",82,50,0,64,83,84,86,"No","No",18,"Female","White","Freshman","It's important to know what health care options you have available to you. ",50.25,74,82,83,66.5,85
"299",299,229,43,69,54,56,27,83,92,NA,183,4.5,4,"Control",37,46,61,48,40,74,75,"No","No",18,"Female","White","Freshman","I had never seen those infogrphics before so it was nice to see new information.",53.5,42.5,27,40,87.5,74.5
"300",300,230,64,65,61,78,75,75,75,NA,184,4.75,3,"Control",72,71,0,83,46,73,51,"No","No",18,"Female","White","Freshman","benificial",61.5,81.5,75,46,75,62
"301",301,233,75,92,30,80,75,97,96,NA,187,4,6,"Control",95,97,85,96,100,100,91,"No","Yes",18,"Male","White","Freshman","I admired how much information was presented and the detail to which the information was explained.",79.25,75.75,75,100,96.5,95.5
"302",302,237,31,75,31,87,45,23,24,NA,189,4.375,5,"Control",37,87,18,92,67,52,65,"No","Yes",18,"Female","White","Freshman","I believe we need more accessible healthcare",65.5,74.5,45,67,23.5,58.5
"303",303,239,50,80,65,80,40,30,15,NA,190,5.25,7,"Control",50,80,65,80,40,30,30,"No","No",18,"Male","White","Freshman","I think the US needs a basic form of healthcare for all individuals. It is an essential right. I am unsure whether America is ready for a universal healthcare system.",61.25,61.25,40,40,22.5,30
"304",304,242,90,45,0,5,83,95,81,NA,192,2.75,3,"Control",100,1,1,50,100,100,95,"No","No",18,"Female","White","Freshman","Glad to learn that a good amount of people in the world receive health care regardless of their financial problems.",60,62.5,83,100,88,97.5
"305",305,244,54,52,73,0,11,0,0,NA,194,4.625,7,"Control",49,86,49,0,18,4,4,"No","No",18,"Male","White","Freshman","UHC will be incredibly difficult to finance.",33.25,46.5,11,18,0,4
"306",306,245,75,81,30,100,40,29,25,NA,195,3.625,2,"Control",91,100,9,100,9,25,30,"No","No",18,"Female","White","Freshman","I did not realize how many people are lacking proper healthcare. ",81.5,95.5,40,9,27,27.5
"307",307,250,50,96,10,100,50,20,20,NA,198,3.75,3,"Control",50,100,10,100,2,21,21,"No","No",18,"Female","White","Freshman","It was fine",84,85,50,2,20,21
"308",308,253,0,0,100,50,100,51,51,NA,201,4.625,5,"Control",0,0,100,50,50,51,51,"No","No",19,"Female","White","Freshman","Why should health care be free?",12.5,12.5,100,50,51,51
"309",309,254,52,28,32,49,49,50,49,NA,202,2.25,0,"Control",100,100,1,100,100,100,100,"No","No",19,NA,"Other","Other","very informative",49.25,99.75,49,100,49.5,100
"310",310,257,60,30,60,50,40,40,50,NA,205,4.125,5,"Control",60,50,50,50,40,46,45,"No","No",19,"Female","White","Freshman","It was informational but is biased. It gave no indication of the positives to our capitalist way of healthcare, such as being able to choose the healthcare/doctor's office/hospital/surgeons/care plan you want or need",45,52.5,40,40,45,45.5
"311",311,258,70,70,50,51,60,70,20,NA,206,4,3,"Control",80,80,20,80,80,10,10,"No","No",20,"Female","White","Sophmore","It was very informational and important. ",60.25,80,60,80,45,10
"312",312,261,11,41,49,49,73,3,3,NA,209,4.5,3,"Control",50,50,50,65,50,50,50,"No","No",18,"Male","White","Freshman","It was very informative. ",38,53.75,73,50,3,50
"313",313,263,80,80,30,80,85,50,50,NA,211,4.75,4,"Control",80,80,20,90,70,50,50,"No","No",20,"Male","White","Junior","It was interesting to learn about",77.5,82.5,85,70,50,50
"314",314,265,34,40,33,59,47,39,29,NA,213,3.375,5,"Control",37,52,30,51,49,49,53,"Yes","No",19,"Female","White","Sophmore","I agree everyone should be able to have access to healthcare and that it should be more affordable",50,52.5,47,49,34,51
"315",315,268,34,99,16,100,8,18,24,NA,214,3.125,2,"Control",42,100,6,100,2,11,14,"No","No",18,"Female","Black","Freshman","The US's healthcare system is inadequate. ",79.25,84,8,2,21,12.5
"316",316,269,92,100,0,100,99,100,76,NA,215,3.75,4,"Control",100,100,0,100,100,100,80,"No","No",18,"Female","White","Freshman","I know less than I thought I did but I still understand and support the need for UHC",98,100,99,100,88,90
"317",317,271,100,100,29,100,70,30,70,NA,217,3.5,3,"Control",100,100,15,100,82,20,81,"No","No",20,"Female","Black","Sophmore","It made me stop to think of others and I appreciate that.",92.75,96.25,70,82,50,50.5
"318",318,273,50,80,30,70,75,60,50,NA,219,3.125,6,"Control",60,81,30,80,100,50,65,"No","No",18,"Female","White","Freshman","The infographics were very informative and persuasive",67.5,72.75,75,100,55,57.5
"319",319,275,100,74,80,49,18,24,28,NA,221,3.25,0,"Control",26,44,46,45,20,24,16,"No","No",19,"Female","White","Freshman","it was complicated",60.75,42.25,18,20,26,20
"320",320,277,82,100,7,100,86,62,67,NA,222,5.25,3,"Control",98,99,3,100,100,100,100,"No","Yes",18,"Female","APAC","Freshman","I agree that healthcare is a right. ",93.75,98.5,86,100,64.5,100
"321",321,280,0,100,50,0,0,50,50,NA,225,5,7,"Control",0,100,0,0,40,100,100,"Yes","Yes",NA,NA,"Other","Freshman","I liked it. It didn't change my overall opinion, but I appreciated the information. ",37.5,50,0,40,50,100
"322",322,281,62,59,30,62,64,44,43,NA,226,4.25,6,"Control",59,71,21,100,72,45,35,"No","No",18,"Female","White","Freshman","It made me think about things in a different way ",63.25,77.25,64,72,43.5,40
"323",323,285,62,51,49,91,66,55,51,NA,230,4.875,6,"Control",72,83,28,100,91,82,70,"No","No",18,"Female","White","Freshman","It was very eye opening.",63.75,81.75,66,91,53,76
"324",324,287,100,100,11,100,100,100,100,NA,232,5.125,4,"Control",100,100,1,100,100,100,100,"No","Yes",18,"Female","Hispanic/Latino","Freshman","Very educational",97.25,99.75,100,100,100,100
"325",325,289,50,48,53,64,50,28,14,NA,233,2.75,2,"Control",50,73,24,27,35,21,22,"No","No",18,"Male","White","Freshman","it was interesting",52.25,56.5,50,35,21,21.5
"326",326,291,83,84,21,80,81,22,25,NA,235,4.75,7,"Control",88,92,6,91,87,13,16,"No","No",20,"Female","White","Junior","It was eyeopening and interesting to see the statistics. I knew there were problems with healthcare disparities in our country, but seeing the statistics to back these statements is helpful.",81.5,91.25,81,87,23.5,14.5
"327",327,294,71,85,2,96,63,43,45,NA,238,4,5,"Control",74,85,1,100,71,52,50,"No","No",18,"Female","White","Freshman","It was really neat to see the way my answers seemed to change after I received just a little bit more information.",87.5,89.5,63,71,44,51
"328",328,295,77,91,2,95,71,47,65,NA,239,4,6,"Control",82,92,1,95,78,67,80,"No","Yes",18,"Female","White","Freshman","I've always supported UHC and I really hope we find a way to actually have it one day",90.25,92,71,78,56,73.5
"329",329,298,60,83,6,92,78,52,50,NA,241,3.5,0,"Control",70,91,2,100,59,51,50,"No","No",20,"Male","Black","Sophmore","forces you to think",82.25,89.75,78,59,51,50.5
"330",330,301,71,72,50,60,61,51,30,NA,244,4.125,3,"Control",82,82,32,81,82,81,82,"No","No",19,"Male","White","Freshman","I thought it was very informative and easy to follow",63.25,78.25,61,82,40.5,81.5
"331",331,304,36,29,88,50,27,12,9,NA,247,4.125,4,"Control",35,35,94,51,29,31,24,"No","No",19,"Female","White","Freshman","Thoughts didn't really change when I looked at the infographics",31.75,31.75,27,29,10.5,27.5
"332",332,305,100,100,2,100,100,50,40,NA,248,4.375,3,"Control",100,82,0,71,49,28,40,"No","No",18,"Female","White,Hispanic/Latino","Freshman","Very informative ",99.5,88.25,100,49,45,34
"333",333,307,50,40,65,70,62,61,44,NA,250,4,4,"Control",60,65,50,65,40,55,45,"No","No",18,"Male","White","Freshman","It was an okay exercise, but I thought it would be smart to tax things like cigarettes and alcohol that can potentially have harmful effects",48.75,60,62,40,52.5,50
"334",334,308,20,20,20,24,21,21,23,NA,251,2.75,3,"Control",19,26,25,26,22,31,25,"No","No",19,"Female","White","Sophmore","interesting ",36,36.5,21,22,22,28
"335",335,310,78,96,15,87,65,48,55,NA,253,3.875,4,"Control",87,100,0,100,96,90,90,"No","No",18,"Female","White","Freshman","I liked how I couldn't move forward for a certain amount of time, I skimmed the first one and saw I couldn't move forward so I went back and read everything more clearly ",86.5,96.75,65,96,51.5,90
"336",336,312,51,50,72,52,58,9,20,NA,255,5,5,"Control",51,71,48,51,58,30,50,"No","No",18,"Female","White","Freshman","none",45.25,56.25,58,58,14.5,40
"337",337,314,60,92,1,100,100,100,100,NA,257,3.625,4,"Control",71,100,1,100,100,100,100,"No","No",18,"Female","White","Freshman","well designed educational graphics. The style of study is bound to produce some interesting results. ",87.75,92.5,100,100,100,100
"338",338,315,81,5,79,53,9,14,53,NA,258,2.875,2,"Control",65,8,100,38,32,61,80,"No","No",19,"Female","White","Sophmore","informative",40,27.75,9,32,33.5,70.5
"339",339,319,40,25,85,20,15,5,30,NA,261,5.625,6,"Control",25,25,91,9,35,40,51,"No","No",18,"Female","White","Freshman","It taught me a little bit of information.",25,17,15,35,17.5,45.5
"340",340,324,90,94,30,94,85,52,8,NA,264,5,3,"Control",90,94,30,100,89,23,29,"No","No",20,"Male","White","Junior","intersting",87,88.5,85,89,30,26
"341",341,327,51,90,1,97,34,34,50,NA,266,4.125,6,"Control",81,83,0,91,62,49,50,"No","No",18,"Female","White","Freshman","i enjoyed it",84.25,88.75,34,62,42,49.5
"342",342,329,100,100,9,98,47,35,34,NA,267,3.625,3,"Control",100,100,0,100,100,100,100,"No","No",18,"Female","White","Freshman","I think its obvious that not everyone is born with the same tools that other people have access to so we need to have UHC so everyone is born into an equal playing field. Because it is affecting peoples basic need to health amenities. ",97.25,100,47,100,34.5,100
"343",343,331,50,71,2,71,40,69,76,NA,269,3.25,1,"Control",59,85,3,92,83,84,85,"No","Yes",19,"Male","White,Other","Freshman","I am very passionate about universal health care because there was a time when I needed medical attention but did not seek it because I could not afford it ",72.5,83.25,40,83,72.5,84.5
"344",344,333,20,12,73,19,9,36,1,NA,271,4.875,4,"Control",30,40,81,18,29,20,3,"No","No",19,"Female","White","Freshman","I appreciate the articles so I can become more educated on the topic.",19.5,26.75,9,29,18.5,11.5
"345",345,338,15,25,23,21,21,20,17,NA,274,3.375,3,"Control",77,60,59,78,63,63,81,"No","No",19,"Female","White","Sophmore","informative",34.5,64,21,63,18.5,72
"346",346,340,91,81,16,71,88,79,38,NA,276,3.625,1,"Control",85,63,23,88,18,69,75,"No","No",18,"Male","White","Freshman","it talk me a lot about health care and how important it is and how lucky I am to have good coverage.",81.75,78.25,88,18,58.5,72
"347",347,341,65,82,43,100,84,54,52,NA,277,4.375,3,"Control",76,80,23,100,50,50,68,"No","No",18,"Female","White","Freshman","It was informative to learn more about Universal Healthcare and how it works.",76,83.25,84,50,53,59
"348",348,344,50,80,20,80,50,20,20,NA,279,3.5,5,"Control",50,80,20,80,80,20,20,"Yes","No",19,"Male","White","Freshman","I learned more about how many have to pay as much as 1/4th their income for health care",72.5,72.5,50,80,20,20
"349",349,349,31,55,70,67,47,8,10,NA,281,3.625,4,"Control",31,66,62,53,24,10,10,"No","Yes",18,"Female","White","Freshman","I think it didn't show the other side of universal healthcare and the sacrifices people would have to make ",45.75,47,47,24,9,10
"350",350,351,29,30,61,40,50,50,50,NA,283,4.75,4,"Control",49,50,71,50,50,50,49,"No","No",18,"Female","White","Freshman","This was a good exercise it opened my eyes to certain issues. ",34.5,44.5,50,50,50,49.5
"351",351,354,81,93,9,60,51,40,51,NA,286,5.25,5,"Control",100,100,10,100,95,80,100,"No","No",18,"Female","White","Freshman","Very informative ",81.25,97.5,51,95,45.5,90
"352",352,355,100,100,0,100,95,40,50,NA,287,5.375,8,"Control",100,100,0,100,100,100,100,"No","No",18,"Male","White","Freshman","I think that it was really enlightening to see all the numerical data in support of UHC. ",100,100,95,100,45,100
"353",353,358,54,31,48,50,52,34,31,NA,289,4.375,5,"Control",50,51,52,46,49,53,51,"No","No",18,"Female","White","Freshman","I really thought it helped me understand more",46.75,48.75,52,49,32.5,52
"354",354,363,98,92,2,100,36,3,15,NA,293,3.75,3,"Control",92,91,11,100,47,20,16,"No","No",18,"Female","White","Freshman","I think univeraal healthcare is an unattainable goal in the USA yet I am a strong advocate for healthcare reform here. The vast majority of underpriveledged people do not recieve sufficient healthcare, a neccesity, in the US. Many people die because they cannot afford price gouged insulin for crying out loud!",97,93,36,47,9,18
"355",355,364,50,70,33,62,51,50,29,NA,294,3.75,5,"Control",68,67,41,66,51,50,50,"No","No",18,"Female","White","Freshman","informative",62.25,65,51,51,39.5,50
"356",356,366,85,100,5,85,85,30,40,NA,296,3.75,6,"Control",85,85,10,85,85,60,40,"No","No",18,"Male","White","Freshman","It was interesting",91.25,86.25,85,85,35,50
"357",357,370,50,50,50,50,50,2,0,NA,299,4.375,5,"Control",72,60,11,50,77,69,69,"No","No",18,"Male","White","Freshman","i learned a lot because i didnt know what it was before i started it and now I have an idea but i honestly dont know how i feel about it",50,67.75,50,77,1,69
"358",358,372,93,100,0,100,97,37,37,NA,301,5.25,1,"Control",100,100,0,100,100,83,84,"No","No",18,"Female","White","Freshman","simple and very informative",98.25,100,97,100,37,83.5
"359",359,373,60,50,40,100,40,60,30,NA,302,3.75,4,"Control",70,60,30,100,30,30,30,"No","No",18,"Female","White","Freshman","It's good to talk about health care",67.5,75,40,30,45,30
"360",360,375,80,80,8,100,92,62,56,NA,304,3.875,2,"Control",81,91,9,100,86,86,87,"No","No",18,"Female","Black","Freshman","it was very informational.",88,90.75,92,86,59,86.5
"361",361,377,70,98,62,100,100,11,10,NA,306,3.5,5,"Control",77,100,58,100,100,9,6,"No","Yes",18,"Female","White,APAC","Freshman","Very informative ",76.5,79.75,100,100,10.5,7.5
"362",362,381,55,52,15,88,7,20,20,NA,310,3.375,4,"Control",77,73,15,95,25,11,50,"No","No",18,"Female","White","Freshman","I thought the information provided in the exercise was very interesting as well as eye opening. ",70,82.5,7,25,20,30.5
"363",363,383,65,14,30,69,50,31,6,NA,312,4.375,7,"Control",81,100,0,91,100,91,71,"No","No",18,"Female","White","Freshman","I think that it makes it obvious that educating people on political topics can change their opinion in a very short amount of time. ",54.5,93,50,100,18.5,81
"364",364,384,74,98,34,100,39,41,53,NA,313,4.5,3,"Control",100,100,39,100,43,44,68,"No","No",18,"Female","Black","Freshman","I liked this exercise, it is a great way to see where people stand in their beliefs on health care.",84.5,90.25,39,43,47,56
"365",365,390,10,40,30,65,10,5,10,NA,317,4.375,6,"Control",10,60,15,70,40,15,10,"No","No",18,"Female","White","Freshman","Although I did learn a bit about UHC, I would like to know more about how it would be implemented, as well as how it would affect things like taxes and current insurance rates. ",46.25,56.25,10,40,7.5,12.5
"366",366,391,74,85,24,80,81,63,51,NA,318,4,3,"Control",60,82,22,80,71,75,57,"No","No",22,"Female","White","Junior","its important to educate people on what universal health care means.",78.75,75,81,71,57,66
"367",367,393,50,40,65,68,60,46,47,NA,320,3.875,3,"Control",61,70,36,81,67,71,70,"No","No",18,"Female","White","Freshman","I thought it was very educational and insightful",48.25,69,60,67,46.5,70.5
"368",368,398,50,62,45,75,50,45,45,NA,323,4.75,4,"Control",50,75,40,55,60,60,60,"No","No",18,"Female","White","Freshman","It seems very informative and pretty basic to understand.",60.5,60,50,60,45,60
"369",369,399,1,9,51,40,50,20,20,NA,324,4.5,6,"Control",3,3,64,47,5,26,9,"No","No",21,"Male","White","Senior","I believe it spoke much of the problems with health care but nothing of the feasible solutions. The 2013 Obama care certainly was not a feasible solution",24.75,22.25,50,5,20,17.5
"370",370,401,69,85,29,100,15,15,15,NA,326,3.125,2,"Control",45,93,23,100,12,11,16,"No","No",18,"Female","White","Freshman","I thought it was beneficial and important ",81.25,78.75,15,12,15,13.5
"371",371,404,80,61,56,30,19,30,10,NA,328,2.5,4,"Control",50,40,51,100,9,9,10,"No","No",18,"Female","White","Freshman","i didnt quite realize how many people struggle because they do not have health care ",53.75,59.75,19,9,20,9.5
"372",372,407,100,100,0,100,100,100,100,NA,331,5.125,8,"Control",100,100,0,100,100,100,100,"No","No",18,"Male","White","Freshman","It is very interesting to see the numerical data supporting UHC. I don't see how anyone wouldn't support it after reading the infographics.",100,100,100,100,100,100
"373",373,411,12,80,64,100,100,100,98,NA,334,3.375,1,"Control",45,54,56,81,83,85,94,"No","No",19,"Female","White","Freshman","good",57,56,100,83,99,89.5
"374",374,412,65,60,56,49,50,45,68,NA,335,2.5,2,"Control",89,88,95,91,88,87,88,"No","No",19,"Female","White","Freshman","good",54.5,68.25,50,88,56.5,87.5
"375",375,415,100,100,16,100,49,46,50,NA,338,5,1,"Control",100,100,50,100,100,67,55,"No","No",18,"Male","White","Freshman","interesting",96,87.5,49,100,48,61
"376",376,418,52,80,41,72,71,51,50,NA,341,4.375,6,"Control",71,92,71,92,91,60,71,"No","No",19,"Female","White","Freshman","I think the infographics were very engaging while also being very informative and definitely swayed some of my views in a very short amount of time.",65.75,71,71,91,50.5,65.5
"377",377,420,70,90,9,88,91,91,92,NA,343,3.75,3,"Control",95,97,95,95,98,99,100,"No","Yes",22,"Male","White","Senior","It makes me sad because of how many people need help but greed seems to be the reason we don't have universal healthcare. I have been to Europe and utilized their doctors, and stuff that would have cost me a fortune to do in America was practically free. ",84.75,73,91,98,91.5,99.5
"378",378,422,0,1,1,1,3,72,90,NA,345,5.875,5,"Control",1,1,30,1,90,69,69,"No","Yes",18,"Male","White","Freshman","I thought the questions were very leading and didn't offer an option that didn't support your narrative. Such as why universal healthcare was designed. It is designed to make citizens more dependent upon government, rather than independent of government.",25.25,18.25,3,90,81,69
"379",379,426,55,75,10,65,25,20,22,NA,348,4.625,6,"Control",55,81,5,85,75,25,25,"No","No",18,"Male","White","Freshman","I definitely think the information provided strengthened the opinions I already had about universal health care. I am still aware of a few possible counterarguments from those opposed to universal health care, but the information provided had me thinking more about the benefits of it.",71.25,79,25,75,21,25
"380",380,428,61,70,17,51,60,39,60,NA,350,3.875,7,"Control",80,61,19,60,81,70,72,"No","No",19,"Male","APAC","Freshman","It is very insightful to learn about all the benefits of universal health care",66.25,70.5,60,81,49.5,71
"381",381,429,91,100,0,97,98,98,44,NA,351,5.25,4,"Control",100,100,0,100,100,100,87,"No","No",20,"Female","White","Sophmore","I thought the information was very important and was delivered in a way that was very easy to understand.",97,100,98,100,71,93.5
"382",382,433,85,90,10,95,81,70,80,NA,354,4.75,7,"Control",95,95,1,95,90,86,87,"No","No",18,"Female","White","Freshman","It was very informative, I supported ACA/UHC before but that had even more information that I never even thought of and makes me more confident this is what we need to have in this country.",90,96,81,90,75,86.5
"383",383,435,50,87,29,83,73,50,29,NA,355,4.5,7,"Control",58,66,40,83,63,48,43,"No","Yes",19,"Male","White","Freshman","I'm wondering what the purpose of it was",72.75,66.75,73,63,39.5,45.5
"384",384,439,100,100,0,98,70,6,3,NA,358,3.875,6,"Control",100,100,0,100,98,59,34,"No","No",19,"Gender Variant/Nonconforming","White","Freshman","I am very tired but Hell Yea",99.5,100,70,98,4.5,46.5
"385",385,442,55,70,45,64,60,50,40,NA,359,4.375,6,"Control",45,70,55,72,18,40,26,"No","No",18,"Female","White","Freshman","My thoughts on this is that this exercise was made to challenge and change your ideas and views based on showing you one opinion. ",61,58,60,18,45,33
"386",386,449,83,100,8,90,89,93,93,NA,361,4.125,4,"Control",90,93,91,100,98,90,92,"No","Yes",22,"Male","White,Black","Senior","Republicans are evil",91.25,73,89,98,93,91
"387",387,451,6,8,100,19,19,86,86,NA,363,4.25,5,"Control",11,11,100,27,12,98,97,"No","No",19,"Female","White","Freshman","doesnt change my mind",8.25,12.25,19,12,86,97.5
"388",388,457,36,42,28,50,50,74,52,NA,366,1,1,"Control",37,56,50,49,50,50,51,"No","No",18,"Female","White","Freshman","I liked it a lot",50,48,50,50,63,50.5
"389",389,463,50,82,1,100,99,1,1,NA,369,3.125,5,"Control",1,79,1,100,1,2,2,"No","No",18,"Female","White","Freshman","good",82.75,69.75,99,1,1,2
"390",390,465,72,83,48,92,72,25,10,NA,371,4.75,5,"Control",92,94,9,100,97,92,94,"No","No",18,"Female","White","Freshman","I like the descriptions from the flyers about the healthcare systems and the need for basic and inherent health care. it was very informative.",74.75,94.25,72,97,17.5,93
"391",391,486,70,50,1,100,100,1,9,NA,376,4.75,5,"Control",9,100,3,100,100,100,100,"No","Yes",18,"Female","White","Freshman","I think universal health care should be the main system of health care in the U.S. and other countries seem to know what they are doing when it comes to health care and the U.S. just needs to figure it out.",79.75,76.5,100,100,5,100
"392",392,487,50,50,50,50,50,50,50,NA,377,3.5,2,"Control",60,60,50,55,50,60,50,"No","No",18,"Male","White","Freshman","I never really knew much about universal health care and now I realize that it is a big topic people should be talking about.  ",50,56.25,50,50,50,55
"393",393,489,41,82,10,76,55,35,51,NA,379,3.375,1,"Control",81,94,6,90,82,73,71,"No","No",18,"Female","Black","Freshman","i think it is important for people to know",72.25,89.75,55,82,43,72
"394",394,490,20,20,85,30,39,49,50,NA,380,3.75,4,"Control",19,34,83,48,51,38,44,"No","No",18,"Male","White","Freshman","gave good information",21.25,29.5,39,51,49.5,41
"395",395,493,40,79,17,99,68,9,7,NA,383,4.5,6,"Control",46,92,11,97,74,20,25,"No","No",18,"Male","White","Freshman","I liked all the statistics and graphics.",75.25,81,68,74,8,22.5
"396",396,494,50,45,71,56,34,10,21,NA,384,3.375,4,"Control",51,39,60,40,35,10,19,"No","No",19,"Male","White","Freshman","pointless and really won't persuade someone one way or the other",45,42.5,34,35,15.5,14.5
"397",397,496,90,90,4,94,10,70,70,NA,386,2.625,5,"Control",60,100,0,100,100,100,100,"No","No",18,"Female","White,Hispanic/Latino","Freshman","It was very informative",92.5,90,10,100,70,100
"398",398,498,20,40,49,71,47,66,66,NA,388,3.5,5,"Control",48,73,45,75,72,72,74,"No","No",18,"Male","White","Freshman","I learned more about statistics on healthcare. ",45.5,62.75,47,72,66,73
"399",399,499,68,79,10,100,97,11,20,NA,389,3,4,"Control",45,90,8,100,30,1,15,"No","Yes",18,"Female","Black","Freshman","The exercise is very informative. ",84.25,81.75,97,30,15.5,8
"400",400,502,81,100,9,100,100,40,30,NA,392,5.75,4,"Control",100,100,10,100,31,30,51,"No","Yes",19,"Female","APAC","Freshman","Very informative",93,97.5,100,31,35,40.5
"401",401,504,49,49,48,49,50,49,50,NA,394,4.75,3,"Control",50,48,50,50,50,50,50,"No","No",19,"Male","White","Sophmore","Shocked",49.75,49.5,50,50,49.5,50
"402",402,506,51,40,60,91,82,27,29,NA,396,4.875,6,"Control",45,67,36,95,24,23,30,"No","No",18,"Male","White","Freshman","Very eye opening.  I didn't realize how many people weren't able to afford health care",55.5,67.75,82,24,28,26.5
"403",403,508,90,90,5,100,90,30,20,NA,398,5.125,6,"Control",90,90,4,100,95,40,50,"No","No",19,"Male","White","Freshman","I thought it was very straightforward and informational",93.75,94,90,95,25,45
"404",404,509,52,92,10,100,30,29,48,NA,399,5.125,3,"Control",50,31,8,100,26,25,61,"No","No",18,"Female","White","Freshman","It really makes you think about how the government really works. ",83.5,68.25,30,26,38.5,43
"405",405,512,1,20,50,100,1,2,2,NA,402,4.875,4,"Control",3,30,20,81,2,4,3,"Yes","No",21,"Male","White","Junior","I feel that the information provided only tells a one sided narrative that is not consistent with that happened when the affordable care act was in place.  ",42.75,48.5,1,2,2,3.5
"406",406,515,61,89,30,78,48,72,49,NA,405,4.5,6,"Control",81,100,9,78,49,85,64,"No","No",18,"Female","White","Freshman","I support Universal Healthcare.",74.5,87.5,48,49,60.5,74.5
"407",407,516,51,40,76,35,22,36,21,NA,406,4,4,"Control",40,65,63,36,25,21,20,"No","No",19,"Female","White","Freshman","Opened my eyes to the health care system and the changes it needs to undergo. ",37.5,44.5,22,25,28.5,20.5
"408",408,518,60,100,30,100,20,50,10,NA,408,4.25,4,"Control",40,100,20,100,100,60,50,"No","No",18,"Female","White","Freshman","good",82.5,80,20,100,30,55
"409",409,520,81,100,1,100,100,62,39,NA,410,5.25,6,"Control",81,100,0,100,100,88,75,"No","No",20,"Male","Other","Junior","we've needed universal HC for a while now",95,95.25,100,100,50.5,81.5
"410",410,521,10,30,50,60,40,40,40,NA,411,4,4,"Control",60,60,50,75,70,70,60,"No","No",19,"Male","White","Freshman","Helps people realize the importance of UHC who were previously uneducated on the topic.",37.5,61.25,40,70,40,65
"411",411,525,80,89,89,91,76,84,88,NA,414,4.125,3,"Control",88,94,92,92,92,91,90,"No","No",19,"Male","White,Black","Sophmore","I think it was very interesting ti see the statistical facts",67.75,70.5,76,92,86,90.5
"412",412,539,38,54,34,50,26,9,20,NA,418,4.25,3,"Control",50,60,19,50,30,30,40,"No","No",19,"Male","White","Sophmore","interesting",52,60.25,26,30,14.5,35
